WONo,PlannedLabour,PlannedLabourST,PlannedLabourTotalRT,PlannedHours,PlannedHoursST,PlannedHoursTotalRT,ActualLabour,ActualLabourST,ActualLabourUnit,ActualHours,ActualHoursST,ActualHoursUnit,OutstandingPlannedHours,OutstandingPlannedLabourCost
17551,0,0,0,0,0,0,0,0,0,0,0,0,0,0
17550,4070,0,4070,74,0,74,0,0,0,0,0,0,74,4070
17549,4070,0,4070,74,0,74,593.083334,0,593.083334,10.78333334,0,10.78333334,63.21666666,3476.916666
17548,4070,0,4070,74,0,74,1370.416667,0,1370.416667,24.91666667,0,24.91666667,52.33333333,2878.333333
17547,4070,0,4070,74,0,74,360.25,0,360.25,6.55,0,6.55,67.45,3709.75
17546,2420,0,2420,44,0,44,0,0,0,0,0,0,44,2420
17545,1465.077777,0,1465.077777,26.63777777,0,26.63777777,0,0,0,0,0,0,26.63777777,1465.077777
17544,0,0,0,0,0,0,407.916667,0,407.916667,7.41666667,0,7.41666667,0,0
17543,0,0,0,0,0,0,0,0,0,0,0,0,0,0
17542,19800,0,19800,360,0,360,12017.5,0,12017.5,218.5,0,218.5,141.5,7782.5
17541,6710,0,6710,122,0,122,0,0,0,0,0,0,122,6710
17540,6710,0,6710,122,0,122,0,0,0,0,0,0,122,6710
17539,6710,0,6710,122,0,122,0,0,0,0,0,0,122,6710
17538,6710,0,6710,122,0,122,0,0,0,0,0,0,122,6710
17537,6710,0,6710,122,0,122,0,0,0,0,0,0,122,6710
17536,6710,0,6710,122,0,122,0,0,0,0,0,0,122,6710
17535,275,0,275,5,0,5,0,0,0,0,0,0,5,275
17534,29773.39444,0,29773.39444,541.3344444,0,541.3344444,269.5,0,269.5,4.9,0,4.9,536.4344444,29503.89444
17533,0,0,0,0,0,0,0,0,0,0,0,0,0,0
17532,0,0,0,0,0,0,0,0,0,0,0,0,0,0
17531,4273.774999,0,4273.774999,77.70499999,0,77.70499999,0,0,0,0,0,0,77.70499999,4273.774999
17530,688.538889,0,688.538889,12.51888889,0,12.51888889,0,0,0,0,0,0,12.51888889,688.538889
17529,3704.25,0,3704.25,67.35,0,67.35,0,0,0,0,0,0,67.35,3704.25
17528,660,0,660,12,0,12,0,0,0,0,0,0,12,660
17527,0,0,0,0,0,0,0,0,0,0,0,0,0,0
17526,2255,0,2255,41,0,41,1677.5,0,1677.5,30.5,0,30.5,10.5,577.5
17525,0,0,0,0,0,0,0,0,0,0,0,0,0,0
17524,0,0,0,0,0,0,0,0,0,0,0,0,0,0
17523,0,0,0,0,0,0,0,0,0,0,0,0,0,0
17522,0,0,0,0,0,0,0,0,0,0,0,0,0,0
17521,0,0,0,0,0,0,0,0,0,0,0,0,0,0
17520,4070,0,4070,74,0,74,2511.666666,0,2511.666666,45.66666666,0,45.66666666,33.53333334,1844.333334
17519,4070,0,4070,74,0,74,2806.833331,0,2806.833331,51.03333331,0,51.03333331,33.81666668,1859.916667
17518,4070,0,4070,74,0,74,2977.333333,0,2977.333333,54.13333333,0,54.13333333,24.78333333,1363.083333
17517,4070,0,4070,74,0,74,2242.166666,0,2242.166666,40.76666666,0,40.76666666,33.58333334,1847.083334
17516,14492.5,0,14492.5,263.5,0,263.5,9531.499999,0,9531.499999,173.3,0,173.3,139.4,7667
17515,0,0,0,0,0,0,0,0,0,0,0,0,0,0
17514,3300,0,3300,60,0,60,3341.25,0,3341.25,60.75,0,60.75,0,0
17513,0,0,0,0,0,0,0,0,0,0,0,0,0,0
17512,0,0,0,0,0,0,0,0,0,0,0,0,0,0
17511,0,0,0,0,0,0,0,0,0,0,0,0,0,0
17510,0,0,0,0,0,0,0,0,0,0,0,0,0,0
17509,0,0,0,0,0,0,0,0,0,0,0,0,0,0
17508,0,0,0,0,0,0,0,0,0,0,0,0,0,0
17507,0,0,0,0,0,0,0,0,0,0,0,0,0,0
17506,12650,0,12650,230,0,230,5582.5,0,5582.5,101.5,0,101.5,128.5,7067.5
17505,0,0,0,0,0,0,0,0,0,0,0,0,0,0
17504,0,0,0,0,0,0,0,0,0,0,0,0,0,0
17503,0,0,0,0,0,0,0,0,0,0,0,0,0,0
17502,2145,0,2145,39,0,39,1375,0,1375,25,0,25,14,770
17501,4826.25,0,4826.25,87.75,0,87.75,0,0,0,0,0,0,87.75,4826.25
17500,8250,0,8250,150,0,150,0,0,0,0,0,0,150,8250
17499,7672.5,0,7672.5,139.5,0,139.5,0,0,0,0,0,0,139.5,7672.5
17498,5459.880556,0,5459.880556,99.27055556,0,99.27055556,0,0,0,0,0,0,99.27055556,5459.880556
17497,9240,0,9240,168,0,168,0,0,0,0,0,0,168,9240
17496,8470,0,8470,154,0,154,0,0,0,0,0,0,154,8470
17495,0,0,0,0,0,0,0,0,0,0,0,0,0,0
17494,40330.82778,0,40330.82778,733.2877778,0,733.2877778,0,0,0,0,0,0,733.2877778,40330.82778
17493,6903.630556,0,6903.630556,125.5205556,0,125.5205556,68.75,0,68.75,1.25,0,1.25,124.2705556,6834.880556
17492,11920.39444,0,11920.39444,216.7344444,0,216.7344444,11920.33333,0,11920.33333,216.7333333,0,216.7333333,0.00111111,0.06111105
17491,0,0,0,0,0,0,0,0,0,0,0,0,0,0
17490,307.3277779,0,307.3277779,5.58777778,0,5.58777778,1030.333333,0,1030.333333,18.73333333,0,18.73333333,2.31888889,127.538889
17489,8800,0,8800,160,0,160,11110,0,11110,202,0,202,0,0
17488,825,0,825,15,0,15,816.749999,0,816.749999,14.84999999,0,14.84999999,0.15000001,8.25000055
17487,6537.788889,0,6537.788889,118.8688889,0,118.8688889,6648.583333,0,6648.583333,120.8833333,0,120.8833333,22.60222223,1243.122223
17486,5665,0,5665,103,0,103,4960.999998,0,4960.999998,90.19999998,0,90.19999998,31.68333334,1742.583334
17485,5665,0,5665,103,0,103,1395.166666,0,1395.166666,25.36666666,0,25.36666666,77.63333334,4269.833334
17484,5665,0,5665,103,0,103,5088.416664,0,5088.416664,92.51666664,0,92.51666664,23.81666668,1309.916667
17483,5665,0,5665,103,0,103,5621.916663,0,5621.916663,102.2166666,0,102.2166666,25.73333334,1415.333334
17482,5665,0,5665,103,0,103,5657.666665,0,5657.666665,102.8666667,0,102.8666667,27.36666667,1505.166667
17481,5665,0,5665,103,0,103,6338.749998,0,6338.749998,115.25,0,115.25,16.00000002,880.0000011
17480,1512.5,0,1512.5,27.5,0,27.5,726.916666,0,726.916666,13.21666666,0,13.21666666,14.28333334,785.5833337
17479,1512.5,0,1512.5,27.5,0,27.5,2168.833333,0,2168.833333,39.43333333,0,39.43333333,0.25,13.75
17478,1512.5,0,1512.5,27.5,0,27.5,1739.833333,0,1739.833333,31.63333333,0,31.63333333,0.25,13.75
17477,1512.5,0,1512.5,27.5,0,27.5,1492.333334,0,1492.333334,27.13333334,0,27.13333334,1.76666667,97.16666685
17476,1512.5,0,1512.5,27.5,0,27.5,1455.666666,0,1455.666666,26.46666666,0,26.46666666,1.03333334,56.8333337
17475,1512.5,0,1512.5,27.5,0,27.5,1595,0,1595,29,0,29,0.95,52.25
17474,0,0,0,0,0,0,0,0,0,0,0,0,0,0
17473,0,0,0,0,0,0,1659.166666,0,1659.166666,30.16666666,0,30.16666666,0,0
17472,15125,0,15125,275,0,275,5835.499997,0,5835.499997,106.1,0,106.1,185.65,10210.75
17471,291.5,0,291.5,5.3,0,5.3,87.999999,0,87.999999,1.59999999,0,1.59999999,3.91666667,215.4166669
17470,856.1361111,0,856.1361111,15.56611111,0,15.56611111,0,0,0,0,0,0,15.56611111,856.1361111
17469,4770.455556,0,4770.455556,86.73555556,0,86.73555556,3688.666665,0,3688.666665,67.06666665,0,67.06666665,39.70222222,2183.622222
17468,0,0,0,0,0,0,0,0,0,0,0,0,0,0
17467,363,0,363,6.6,0,6.6,285.999999,0,285.999999,5.19999999,0,5.19999999,1.40000001,77.00000055
17466,907.5,0,907.5,16.5,0,16.5,952.416667,0,952.416667,17.31666667,0,17.31666667,9.81666666,539.9166663
17465,4235,0,4235,77,0,77,2708.750002,0,2708.750002,49.25000003,0,49.25000003,56.01666665,3080.916666
17464,4537.5,0,4537.5,82.5,0,82.5,847.916667,0,847.916667,15.41666667,0,15.41666667,79.9,4394.5
17463,8123.591667,0,8123.591667,147.7016667,0,147.7016667,11362.99999,0,11362.99999,206.5999999,0,206.5999999,21.08333335,1159.583334
17462,9955,0,9955,181,0,181,11283.25,0,11283.25,205.15,0,205.15,46.86666667,2577.666667
17461,9955,0,9955,181,0,181,9237.249997,0,9237.249997,167.95,0,167.95,40.08333335,2204.583334
17460,9955,0,9955,181,0,181,10302.41667,0,10302.41667,187.3166667,0,187.3166667,53.5,2942.5
17459,9955,0,9955,181,0,181,9059.416666,0,9059.416666,164.7166667,0,164.7166667,55.35,3044.25
17458,11838.75,0,11838.75,215.25,0,215.25,13804.08333,0,13804.08333,250.9833333,0,250.9833333,49.45000005,2719.750003
17457,13722.5,0,13722.5,249.5,0,249.5,12460.25,0,12460.25,226.55,0,226.55,83.41666665,4587.916666
17456,15606.25,0,15606.25,283.75,0,283.75,16386.33333,0,16386.33333,297.9333333,0,297.9333333,96.73333334,5320.333334
17455,17503.75,0,17503.75,318.25,0,318.25,13765.58333,0,13765.58333,250.2833333,0,250.2833333,144.4666667,7945.666669
17454,17503.75,0,17503.75,318.25,0,318.25,9199.666663,0,9199.666663,167.2666666,0,167.2666666,199.9,10994.5
17453,17503.75,0,17503.75,318.25,0,318.25,6507.416667,0,6507.416667,118.3166667,0,118.3166667,223.8833333,12313.58333
17452,17503.75,0,17503.75,318.25,0,318.25,5142.499999,0,5142.499999,93.5,0,93.5,241.7833333,13298.08333
17451,17503.75,0,17503.75,318.25,0,318.25,2339.333334,0,2339.333334,42.53333334,0,42.53333334,275.9666667,15178.16667
17450,17503.75,0,17503.75,318.25,0,318.25,11,0,11,0.2,0,0.2,318.05,17492.75
17449,17503.75,0,17503.75,318.25,0,318.25,35.75,0,35.75,0.65,0,0.65,317.6,17468
17448,17503.75,0,17503.75,318.25,0,318.25,15.583333,0,15.583333,0.28333333,0,0.28333333,317.9666667,17488.16667
17447,19401.25,0,19401.25,352.75,0,352.75,15.583333,0,15.583333,0.28333333,0,0.28333333,352.4666667,19385.66667
17446,19401.25,0,19401.25,352.75,0,352.75,33.916667,0,33.916667,0.61666667,0,0.61666667,352.1333333,19367.33333
17445,19401.25,0,19401.25,352.75,0,352.75,16.5,0,16.5,0.3,0,0.3,352.45,19384.75
17444,19401.25,0,19401.25,352.75,0,352.75,23.833333,0,23.833333,0.43333333,0,0.43333333,352.3166667,19377.41667
17443,20336.25,0,20336.25,369.75,0,369.75,29.333333,0,29.333333,0.53333333,0,0.53333333,369.2166667,20306.91667
17442,20336.25,0,20336.25,369.75,0,369.75,14.666667,0,14.666667,0.26666667,0,0.26666667,369.4833333,20321.58333
17441,22151.25,0,22151.25,402.75,0,402.75,10.083333,0,10.083333,0.18333333,0,0.18333333,402.5666667,22141.16667
17440,22151.25,0,22151.25,402.75,0,402.75,6.416667,0,6.416667,0.11666667,0,0.11666667,402.6333333,22144.83333
17439,22151.25,0,22151.25,402.75,0,402.75,0,0,0,0,0,0,402.75,22151.25
17438,22151.25,0,22151.25,402.75,0,402.75,77.916666,0,77.916666,1.41666666,0,1.41666666,401.3333333,22073.33333
17437,22151.25,0,22151.25,402.75,0,402.75,50.416667,0,50.416667,0.91666667,0,0.91666667,401.8333333,22100.83333
17436,22151.25,0,22151.25,402.75,0,402.75,22.916667,0,22.916667,0.41666667,0,0.41666667,402.3333333,22128.33333
17435,22151.25,0,22151.25,402.75,0,402.75,12.833333,0,12.833333,0.23333333,0,0.23333333,402.5166667,22138.41667
17434,22151.25,0,22151.25,402.75,0,402.75,23.833333,0,23.833333,0.43333333,0,0.43333333,402.3166667,22127.41667
17433,24021.25,0,24021.25,436.75,0,436.75,17.416667,0,17.416667,0.31666667,0,0.31666667,436.4333333,24003.83333
17432,24021.25,0,24021.25,436.75,0,436.75,14.666667,0,14.666667,0.26666667,0,0.26666667,436.4833333,24006.58333
17431,24021.25,0,24021.25,436.75,0,436.75,16.5,0,16.5,0.3,0,0.3,436.45,24004.75
17430,24021.25,0,24021.25,436.75,0,436.75,30.25,0,30.25,0.55,0,0.55,436.2,23991
17429,24021.25,0,24021.25,436.75,0,436.75,643.5,0,643.5,11.7,0,11.7,436.3,23996.5
17428,24021.25,0,24021.25,436.75,0,436.75,0,0,0,0,0,0,436.75,24021.25
17427,24021.25,0,24021.25,436.75,0,436.75,20.166667,0,20.166667,0.36666667,0,0.36666667,436.3833333,24001.08333
17426,24021.25,0,24021.25,436.75,0,436.75,23.833333,0,23.833333,0.43333333,0,0.43333333,436.3166667,23997.41667
17425,24021.25,0,24021.25,436.75,0,436.75,21.083333,0,21.083333,0.38333333,0,0.38333333,436.3666667,24000.16667
17424,24021.25,0,24021.25,436.75,0,436.75,15.583333,0,15.583333,0.28333333,0,0.28333333,436.4666667,24005.66667
17423,24021.25,0,24021.25,436.75,0,436.75,45.833333,0,45.833333,0.83333333,0,0.83333333,435.9166667,23975.41667
17422,8772.5,0,8772.5,159.5,0,159.5,137.5,0,137.5,2.5,0,2.5,159.5,8772.5
17421,1155,0,1155,21,0,21,1092.666666,0,1092.666666,19.86666666,0,19.86666666,8.63333333,474.8333332
17420,0,0,0,0,0,0,0,0,0,0,0,0,0,0
17419,46530,0,46530,846,0,846,2887.5,0,2887.5,52.5,0,52.5,793.5,43642.5
17418,33330,0,33330,606,0,606,26840.91666,0,26840.91666,488.0166666,0,488.0166666,176.6833334,9717.583335
17417,0,0,0,0,0,0,0,0,0,0,0,0,0,0
17416,8322.538889,0,8322.538889,151.3188889,0,151.3188889,11086.16666,0,11086.16666,201.5666666,0,201.5666666,14.18333335,780.0833343
17415,6655,0,6655,121,0,121,8802.749997,0,8802.749997,160.05,0,160.05,95.48333333,5251.583333
17414,946,0,946,17.2,0,17.2,265.833333,0,265.833333,4.83333333,0,4.83333333,12.36666667,680.1666669
17413,764.5,0,764.5,13.9,0,13.9,956.999999,0,956.999999,17.39999999,0,17.39999999,4.73333334,260.3333337
17412,33577.5,0,33577.5,610.5,0,610.5,0,0,0,0,0,0,610.5,33577.5
17411,34320,0,34320,624,0,624,0,0,0,0,0,0,624,34320
17410,32890,0,32890,598,0,598,0,0,0,0,0,0,598,32890
17409,30167.5,0,30167.5,548.5,0,548.5,0,0,0,0,0,0,548.5,30167.5
17408,33587.61389,0,33587.61389,610.6838889,0,610.6838889,10475.66666,0,10475.66666,190.4666666,0,190.4666666,423.9838889,23319.11389
17407,29975,0,29975,545,0,545,13442,0,13442,244.4,0,244.4,312.9833333,17214.08333
17406,13832.62222,0,13832.62222,251.5022222,0,251.5022222,11861.66666,0,11861.66666,215.6666666,0,215.6666666,82.38555562,4531.205559
17405,0,0,0,0,0,0,0,0,0,0,0,0,0,0
17404,3300,0,3300,60,0,60,3300,0,3300,60,0,60,0,0
17403,13310,0,13310,242,0,242,13310,0,13310,242,0,242,0,0
17402,0,0,0,0,0,0,0,0,0,0,0,0,0,0
17401,0,0,0,0,0,0,473.916667,0,473.916667,8.61666667,0,8.61666667,0,0
17400,298659.1972,0,298659.1972,5430.167222,0,5430.167222,0,0,0,0,0,0,5430.167222,298659.1972
17399,39820,0,39820,724,0,724,34649.08333,0,34649.08333,629.9833333,0,629.9833333,179.4666667,9870.666669
17398,5811.666667,0,5811.666667,105.6666667,0,105.6666667,5017.833334,0,5017.833334,91.23333334,0,91.23333334,30.96666667,1703.166667
17397,15372.5,0,15372.5,279.5,0,279.5,27944.58333,0,27944.58333,508.0833332,0,508.0833332,7.20000001,396.0000006
17396,0,0,0,0,0,0,0,0,0,0,0,0,0,0
17395,1457.5,0,1457.5,26.5,0,26.5,1493.250001,0,1493.250001,27.15000001,0,27.15000001,5.15,283.25
17394,3162.5,0,3162.5,57.5,0,57.5,3579.583332,0,3579.583332,65.08333331,0,65.08333331,8.75,481.25
17393,1732.5,0,1732.5,31.5,0,31.5,2622.583334,0,2622.583334,47.68333334,0,47.68333334,5.46666667,300.6666669
17392,6600,0,6600,120,0,120,15785,0,15785,287,0,287,0,0
17391,660,0,660,12,0,12,0,0,0,0,0,0,12,660
17390,3908.819445,0,3908.819445,71.06944445,0,71.06944445,3394.416665,0,3394.416665,61.71666665,0,61.71666665,30.18500001,1660.175001
17389,4827.197222,0,4827.197222,87.76722222,0,87.76722222,13273.33333,0,13273.33333,241.3333333,0,241.3333333,11.68388889,642.613889
17388,0,0,0,0,0,0,2648.25,0,2648.25,48.15,0,48.15,0,0
17387,14830.75,0,14830.75,269.65,0,269.65,40244.41666,0,40244.41666,731.7166666,0,731.7166666,26.63333333,1464.833333
17386,2365,0,2365,43,0,43,3026.833333,0,3026.833333,55.03333333,0,55.03333333,1.38333333,76.08333315
17385,2310,0,2310,42,0,42,1276.916668,0,1276.916668,23.21666668,0,23.21666668,19.78333332,1088.083333
17384,1375,27.5,1347.5,25,0.5,24.5,1416.25,0,1416.25,25.75,0,25.75,2.18333333,120.0833332
17383,1155,0,1155,21,0,21,2573.083332,0,2573.083332,46.78333332,0,46.78333332,1.9,104.5
17382,1182.5,0,1182.5,21.5,0,21.5,1370.416668,0,1370.416668,24.91666668,0,24.91666668,3.96666667,218.1666669
17381,1155,0,1155,21,0,21,1875.499998,0,1875.499998,34.09999998,0,34.09999998,6.6,363
17380,15927.08333,0,15927.08333,289.5833333,0,289.5833333,5818.083331,0,5818.083331,105.7833333,0,105.7833333,205.8666667,11322.66667
17379,9961.538888,0,9961.538888,181.1188889,0,181.1188889,17590.83333,0,17590.83333,319.8333333,0,319.8333333,0,0
17378,6132.5,0,6132.5,111.5,0,111.5,7006.999997,0,7006.999997,127.4,0,127.4,12.96666667,713.1666669
17377,2832.5,0,2832.5,51.5,0,51.5,737.000001,0,737.000001,13.40000001,0,13.40000001,40.65,2235.75
17376,2090,0,2090,38,0,38,1870.916666,0,1870.916666,34.01666666,0,34.01666666,6.26666667,344.6666669
17375,6930,0,6930,126,0,126,9663.5,0,9663.5,175.7,0,175.7,0,0
17374,2145,0,2145,39,0,39,2708.749999,0,2708.749999,49.24999999,0,49.24999999,0,0
17373,0,0,0,0,0,0,0,0,0,0,0,0,0,0
17372,5280,0,5280,96,0,96,2591.416666,0,2591.416666,47.11666666,0,47.11666666,50.00000001,2750.000001
17371,1375,0,1375,25,0,25,1183.416666,0,1183.416666,21.51666665,0,21.51666665,11.51666667,633.4166669
17370,18755,0,18755,341,0,341,20407.75,0,20407.75,371.05,0,371.05,11.1,610.5
17369,10010,0,10010,182,0,182,9843.166665,0,9843.166665,178.9666666,0,178.9666666,18.96666667,1043.166667
17368,7163.75,0,7163.75,130.25,0,130.25,8592.833332,0,8592.833332,156.2333333,0,156.2333333,9.13333334,502.3333337
17367,4290,0,4290,78,0,78,1839.75,0,1839.75,33.45,0,33.45,52.05,2862.75
17366,1045,0,1045,19,0,19,1781.083333,0,1781.083333,32.38333333,0,32.38333333,7.93333333,436.3333332
17365,12677.5,0,12677.5,230.5,0,230.5,15524.66666,0,15524.66666,282.2666666,0,282.2666666,22.31666668,1227.416667
17364,6847.5,0,6847.5,124.5,0,124.5,5097.583333,0,5097.583333,92.68333332,0,92.68333332,53.15,2923.25
17363,4936.25,0,4936.25,89.75,0,89.75,6651.333333,0,6651.333333,120.9333333,0,120.9333333,12.26666667,674.6666669
17362,10945,0,10945,199,0,199,17846.58333,0,17846.58333,324.4833332,0,324.4833332,22.13333335,1217.333334
17361,0,0,0,0,0,0,0,0,0,0,0,0,0,0
17360,0,0,0,0,0,0,0,0,0,0,0,0,0,0
17359,0,0,0,0,0,0,0,0,0,0,0,0,0,0
17358,20054.13056,0,20054.13056,364.6205556,0,364.6205556,11119.16666,0,11119.16666,202.1666666,0,202.1666666,170.1038889,9355.713891
17357,62731.38056,0,62731.38056,1140.570556,0,1140.570556,23529.91666,0,23529.91666,427.8166666,0,427.8166666,779.2205556,42857.13056
17356,1485,0,1485,27,0,27,1110.083332,0,1110.083332,20.18333332,0,20.18333332,6.81666668,374.9166674
17355,12705,0,12705,231,0,231,13337.5,0,13337.5,242.5,0,242.5,0,0
17354,0,0,0,0,0,0,17256.25,0,17256.25,313.75,0,313.75,0,0
17353,14850,0,14850,270,0,270,14300,0,14300,260,0,260,10,550
17352,1540,0,1540,28,0,28,3513.583332,0,3513.583332,63.88333332,0,63.88333332,0,0
17351,2970,0,2970,54,0,54,3068.083333,0,3068.083333,55.78333332,0,55.78333332,0,0
17350,2145,0,2145,39,0,39,1224.666667,0,1224.666667,22.26666667,0,22.26666667,16.73333333,920.3333332
17349,660,0,660,12,0,12,1022.999999,0,1022.999999,18.59999999,0,18.59999999,0,0
17348,1292.5,0,1292.5,23.5,0,23.5,2399.833332,0,2399.833332,43.63333331,0,43.63333331,3.9,214.5
17347,11605,0,11605,211,0,211,8265.58333,0,8265.58333,150.2833333,0,150.2833333,103.3666667,5685.166667
17346,11605,0,11605,211,0,211,7811.833333,0,7811.833333,142.0333333,0,142.0333333,115.85,6371.75
17345,11605,0,11605,211,0,211,11322.66667,0,11322.66667,205.8666666,0,205.8666666,87.06666666,4788.666666
17344,11605,0,11605,211,0,211,8982.416666,0,8982.416666,163.3166666,0,163.3166666,110.3833333,6071.083333
17343,11605,0,11605,211,0,211,14869.24999,0,14869.24999,270.3499999,0,270.3499999,16.6166667,913.9166685
17342,11605,0,11605,211,0,211,14048.83333,0,14048.83333,255.4333333,0,255.4333333,30.80000001,1694.000001
17341,1388.749999,0,1388.749999,25.24999999,0,25.24999999,1562.916669,0,1562.916669,28.41666669,0,28.41666669,7.04999999,387.7499995
17340,1374.999999,0,1374.999999,24.99999999,0,24.99999999,1409.833333,0,1409.833333,25.63333333,0,25.63333333,5.04999999,277.7499995
17339,742.5,0,742.5,13.5,0,13.5,226.416667,0,226.416667,4.11666667,0,4.11666667,9.85,541.75
17338,866.25,0,866.25,15.75,0,15.75,556.416667,0,556.416667,10.11666667,0,10.11666667,6.78333334,373.0833337
17337,0,0,0,0,0,0,55,0,55,1,0,1,0,0
17336,5120.5,0,5120.5,93.1,0,93.1,0,0,0,0,0,0,93.1,5120.5
17335,1694,0,1694,30.8,0,30.8,1567.5,0,1567.5,28.5,0,28.5,5.45,299.75
17334,11371.525,0,11371.525,206.755,0,206.755,0,0,0,0,0,0,206.755,11371.525
17333,27376.25,0,27376.25,497.75,0,497.75,17448.75,0,17448.75,317.25,0,317.25,366.3,20146.5
17332,40539.58333,0,40539.58333,737.0833333,0,737.0833333,20735.91666,0,20735.91666,377.0166666,0,377.0166666,520.4333334,28623.83334
17331,1210,0,1210,22,0,22,1395.166666,0,1395.166666,25.36666666,0,25.36666666,2.66666667,146.6666669
17330,1484.999999,0,1484.999999,26.99999999,0,26.99999999,1219.166666,0,1219.166666,22.16666666,0,22.16666666,11.38333333,626.0833332
17329,412.5,0,412.5,7.5,0,7.5,348.333333,0,348.333333,6.33333333,0,6.33333333,1.86666667,102.6666669
17328,522.5,0,522.5,9.5,0,9.5,525.250001,0,525.250001,9.55000001,0,9.55000001,1.28333333,70.58333315
17327,0,0,0,0,0,0,0,0,0,0,0,0,0,0
17326,8954,0,8954,162.8,0,162.8,0,0,0,0,0,0,162.8,8954
17325,103125,0,103125,1875,0,1875,100031.25,0,100031.25,1818.75,0,1818.75,56.25,3093.75
17324,12210,0,12210,222,0,222,23482.25,0,23482.25,426.95,0,426.95,24.73333333,1360.333333
17323,82.5,0,82.5,1.5,0,1.5,55,0,55,1,0,1,0.5,27.5
17322,0,0,0,0,0,0,0,0,0,0,0,0,0,0
17321,22801.28889,0,22801.28889,414.5688889,0,414.5688889,23874.58333,0,23874.58333,434.0833333,0,434.0833333,111.9188889,6155.538888
17320,0,0,0,0,0,0,1453.833331,0,1453.833331,26.43333331,0,26.43333331,0,0
17319,1210,0,1210,22,0,22,626.083333,0,626.083333,11.38333333,0,11.38333333,10.61666667,583.9166669
17318,1485,0,1485,27,0,27,1236.583334,0,1236.583334,22.48333334,0,22.48333334,5.58333333,307.0833332
17317,2695,0,2695,49,0,49,2395.25,0,2395.25,43.55,0,43.55,7.41666666,407.9166663
17316,0,0,0,0,0,0,4549.416666,0,4549.416666,82.71666665,0,82.71666665,0,0
17315,2526.577778,0,2526.577778,45.93777778,0,45.93777778,0,0,0,0,0,0,45.93777778,2526.577778
17314,4290,0,4290,78,0,78,3322,0,3322,60.40000001,0,60.40000001,24.9,1369.5
17313,0,0,0,0,0,0,0,0,0,0,0,0,0,0
17312,0,0,0,0,0,0,0,0,0,0,0,0,0,0
17311,51150,0,51150,930,0,930,1720.583334,0,1720.583334,31.28333334,0,31.28333334,915.5333333,50354.33333
17310,0,0,0,0,0,0,0,0,0,0,0,0,0,0
17309,8937.5,0,8937.5,162.5,0,162.5,8937.5,0,8937.5,162.5,0,162.5,0,0
17308,0,0,0,0,0,0,0,0,0,0,0,0,0,0
17307,1540,0,1540,28,0,28,1952.5,0,1952.5,35.5,0,35.5,0,0
17306,0,0,0,0,0,0,0,0,0,0,0,0,0,0
17305,18150.12222,0,18150.12222,330.0022222,0,330.0022222,24480.49999,0,24480.49999,445.0999999,0,445.0999999,13.98333338,769.0833359
17304,0,0,0,0,0,0,0,0,0,0,0,0,0,0
17303,1180.025,0,1180.025,21.455,0,21.455,1342.000001,0,1342.000001,24.40000001,0,24.40000001,0.83722222,46.0472221
17302,11000,0,11000,200,0,200,24540.08333,0,24540.08333,446.1833332,0,446.1833332,15,825
17301,1414.630555,0,1414.630555,25.72055555,0,25.72055555,1892.916667,0,1892.916667,34.41666667,0,34.41666667,3.10055555,170.5305553
17300,0,0,0,0,0,0,0,0,0,0,0,0,0,0
17299,330,0,330,6,0,6,1481.333334,0,1481.333334,26.93333334,0,26.93333334,0,0
17298,5053.155556,0,5053.155556,91.87555556,0,91.87555556,5911.583332,0,5911.583332,107.4833333,0,107.4833333,2,110
17297,5053.155556,0,5053.155556,91.87555556,0,91.87555556,7748.583332,0,7748.583332,140.8833333,0,140.8833333,1.5,82.5
17296,5053.155556,0,5053.155556,91.87555556,0,91.87555556,7342.499999,0,7342.499999,133.5,0,133.5,2,110
17295,11550,0,11550,210,0,210,1333.75,0,1333.75,24.25,0,24.25,185.75,10216.25
17294,11550,0,11550,210,0,210,6036.25,0,6036.25,109.75,0,109.75,133.75,7356.25
17293,18425,0,18425,335,0,335,32624.16666,0,32624.16666,593.1666666,0,593.1666666,71.15,3913.25
17292,5027,0,5027,91.4,0,91.4,6277.333332,0,6277.333332,114.1333333,0,114.1333333,5.8,319
17291,275,0,275,5,0,5,186.083334,0,186.083334,3.38333334,0,3.38333334,1.61666666,88.9166663
17290,0,0,0,0,0,0,0,0,0,0,0,0,0,0
17289,74.25,0,74.25,1.35,0,1.35,0,0,0,0,0,0,1.35,74.25
17288,2557.5,0,2557.5,46.5,0,46.5,10302.41666,0,10302.41666,187.3166666,0,187.3166666,3.73333333,205.3333332
17287,1210,0,1210,22,0,22,1737.999999,0,1737.999999,31.59999999,0,31.59999999,14,770
17286,0,0,0,0,0,0,0,0,0,0,0,0,0,0
17285,5788.75,0,5788.75,105.25,0,105.25,8950.333331,0,8950.333331,162.7333333,0,162.7333333,17.96666668,988.1666674
17284,4675,0,4675,85,0,85,6651.333332,0,6651.333332,120.9333333,0,120.9333333,4.40000002,242.0000011
17283,2227.5,0,2227.5,40.5,0,40.5,2762.833333,0,2762.833333,50.23333333,0,50.23333333,2.5,137.5
17282,0,0,0,0,0,0,671,0,671,12.2,0,12.2,0,0
17281,16775,0,16775,305,0,305,17819.08333,0,17819.08333,323.9833333,0,323.9833333,52.71666669,2899.416668
17280,440,0,440,8,0,8,834.166666,0,834.166666,15.16666666,0,15.16666666,0,0
17279,2398,0,2398,43.6,0,43.6,701.25,0,701.25,12.75,0,12.75,30.85,1696.75
17278,3300,0,3300,60,0,60,2695,0,2695,49,0,49,11,605
17277,39284.97222,0,39284.97222,714.2722222,0,714.2722222,137.5,0,137.5,2.5,0,2.5,711.7722222,39147.47222
17276,32518.75,0,32518.75,591.25,0,591.25,20961.41667,0,20961.41667,381.1166667,0,381.1166667,300.9,16549.5
17275,2227.5,0,2227.5,40.5,0,40.5,4004,0,4004,72.8,0,72.8,1.5,82.5
17274,0,0,0,0,0,0,0,0,0,0,0,0,0,0
17273,11522.5,0,11522.5,209.5,0,209.5,17877.75,0,17877.75,325.05,0,325.05,17.38333333,956.0833332
17272,3520,0,3520,64,0,64,8353.583332,0,8353.583332,151.8833333,0,151.8833333,2.51666667,138.4166669
17271,23622.5,0,23622.5,429.5,0,429.5,21732.33333,0,21732.33333,395.1333333,0,395.1333333,164.3333333,9038.333334
17270,7425,0,7425,135,0,135,6726.5,0,6726.5,122.3,0,122.3,36.58333334,2012.083334
17269,11550,0,11550,210,0,210,10752.5,0,10752.5,195.5,0,195.5,14.5,797.5
17268,1595,0,1595,29,0,29,452.833334,0,452.833334,8.23333334,0,8.23333334,22.13333333,1217.333333
17267,39284.97222,0,39284.97222,714.2722222,0,714.2722222,0,0,0,0,0,0,714.2722222,39284.97222
17266,10972.5,0,10972.5,199.5,0,199.5,14018.58333,0,14018.58333,254.8833333,0,254.8833333,32.03333333,1761.833333
17265,82.5,0,82.5,1.5,0,1.5,0,0,0,0,0,0,1.5,82.5
17264,16802.5,0,16802.5,305.5,0,305.5,22186.99999,0,22186.99999,403.3999999,0,403.3999999,19.48333334,1071.583334
17263,1100,0,1100,20,0,20,1160.499999,0,1160.499999,21.09999999,0,21.09999999,0,0
17262,26015,0,26015,473,0,473,28488.16666,0,28488.16666,517.9666666,0,517.9666666,72.71666668,3999.416667
17261,0,0,0,0,0,0,0,0,0,0,0,0,0,0
17260,0,0,0,0,0,0,0,0,0,0,0,0,0,0
17259,0,0,0,0,0,0,1251.25,0,1251.25,22.75,0,22.75,0,0
17258,0,0,0,0,0,0,0,0,0,0,0,0,0,0
17257,0,0,0,0,0,0,0,0,0,0,0,0,0,0
17256,2035,0,2035,37,0,37,1747.166668,0,1747.166668,31.76666668,0,31.76666668,12.84999999,706.7499995
17255,253,0,253,4.6,0,4.6,285.083333,0,285.083333,5.18333333,0,5.18333333,0,0
17254,2090,0,2090,38,0,38,1921.333332,0,1921.333332,34.93333332,0,34.93333332,13.75000001,756.2500006
17253,18163.75,0,18163.75,330.25,0,330.25,728.75,0,728.75,13.25,0,13.25,325.75,17916.25
17252,4400,0,4400,80,0,80,6499.166666,0,6499.166666,118.1666667,0,118.1666667,0,0
17251,0,0,0,0,0,0,4581.5,0,4581.5,83.3,0,83.3,0,0
17250,6490,0,6490,118,0,118,6588.083332,0,6588.083332,119.7833333,0,119.7833333,45.81666667,2519.916667
17249,12100,0,12100,220,0,220,11760.83333,0,11760.83333,213.8333333,0,213.8333333,8.56666667,471.1666669
17248,3410,0,3410,62,0,62,3632.75,0,3632.75,66.05,0,66.05,0,0
17247,8525,0,8525,155,0,155,5779.583332,0,5779.583332,105.0833333,0,105.0833333,62.60000001,3443.000001
17246,0,0,0,0,0,0,0,0,0,0,0,0,0,0
17245,467.5,0,467.5,8.5,0,8.5,1164.166667,0,1164.166667,21.16666667,0,21.16666667,0.16666666,9.1666663
17244,5142.5,0,5142.5,93.5,0,93.5,15959.16666,0,15959.16666,290.1666666,0,290.1666666,0.3,16.5
17243,220,0,220,4,0,4,238.333334,0,238.333334,4.33333334,0,4.33333334,0.48333333,26.58333315
17242,440,0,440,8,0,8,854.333331,0,854.333331,15.53333331,0,15.53333331,1.85000001,101.7500006
17241,1925,0,1925,35,0,35,3344,0,3344,60.79999999,0,60.79999999,6.61666667,363.9166669
17240,1870,0,1870,34,0,34,1791.166668,0,1791.166668,32.56666668,0,32.56666668,11.58333333,637.0833332
17239,990,0,990,18,0,18,2259.583331,0,2259.583331,41.08333331,0,41.08333331,1.15,63.25
17238,3850,0,3850,70,0,70,3520.916664,0,3520.916664,64.01666663,0,64.01666663,16.63333334,914.8333337
17237,1705,0,1705,31,0,31,979,0,979,17.8,0,17.8,13.2,726
17236,3905,0,3905,71,0,71,3588.750002,0,3588.750002,65.25000003,0,65.25000003,15.94999998,877.2499989
17235,1650,0,1650,30,0,30,1118.333333,0,1118.333333,20.33333333,0,20.33333333,11.15,613.25
17234,1650,0,1650,30,0,30,2400.749998,0,2400.749998,43.64999998,0,43.64999998,5.73333333,315.3333332
17233,33034.925,0,33034.925,600.635,0,600.635,2061.583333,0,2061.583333,37.48333333,0,37.48333333,563.1516667,30973.34167
17232,1992.894444,0,1992.894444,36.23444444,0,36.23444444,108.166667,0,108.166667,1.96666667,0,1.96666667,36.23444444,1992.894444
17231,0,0,0,0,0,0,2530,0,2530,46,0,46,0,0
17230,0,0,0,0,0,0,55,0,55,1,0,1,0,0
17229,0,0,0,0,0,0,0,0,0,0,0,0,0,0
17228,242,0,242,4.4,0,4.4,0,0,0,0,0,0,4.4,242
17227,0,0,0,0,0,0,0,0,0,0,0,0,0,0
17226,0,0,0,0,0,0,0,0,0,0,0,0,0,0
17225,3630,0,3630,66,0,66,694.833333,0,694.833333,12.63333333,0,12.63333333,53.36666667,2935.166667
17224,2766.5,0,2766.5,50.3,0,50.3,3960.000001,0,3960.000001,72.00000001,0,72.00000001,0,0
17223,6416.666666,0,6416.666666,116.6666667,0,116.6666667,10192.41667,0,10192.41667,185.3166667,0,185.3166667,19.03333332,1046.833333
17222,4234.999999,0,4234.999999,76.99999999,0,76.99999999,4258.833332,0,4258.833332,77.43333332,0,77.43333332,15.8,869
17221,5852.916667,0,5852.916667,106.4166667,0,106.4166667,6698.999998,0,6698.999998,121.8,0,121.8,25.86666667,1422.666667
17220,8323.333334,0,8323.333334,151.3333333,0,151.3333333,7807.249999,0,7807.249999,141.95,0,141.95,48.08333335,2644.583334
17219,3726.25,0,3726.25,67.75,0,67.75,4725.416666,0,4725.416666,85.91666666,0,85.91666666,14.15,778.25
17218,3685,0,3685,67,0,67,3597.916667,0,3597.916667,65.41666667,0,65.41666667,11.9,654.5
17217,8286.666667,0,8286.666667,150.6666667,0,150.6666667,7678.916662,0,7678.916662,139.6166666,0,139.6166666,34.46666666,1895.666666
17216,3923.333333,0,3923.333333,71.33333333,0,71.33333333,3758.333334,0,3758.333334,68.33333334,0,68.33333334,20.04999999,1102.749999
17215,6797.083333,0,6797.083333,123.5833333,0,123.5833333,9170.333328,0,9170.333328,166.7333333,0,166.7333333,24.40000001,1342.000001
17214,2268.75,0,2268.75,41.25,0,41.25,2735.333334,0,2735.333334,49.73333334,0,49.73333334,8.14999999,448.2499995
17213,302.6222221,0,302.6222221,5.50222222,0,5.50222222,566.5,0,566.5,10.3,0,10.3,0,0
17212,0,0,0,0,0,0,0,0,0,0,0,0,0,0
17211,31941.25,55,31886.25,580.75,1,579.75,33333.66666,0,33333.66666,606.0666666,0,606.0666666,112.9333333,6211.333333
17210,35571.25,0,35571.25,646.75,0,646.75,37296.41666,0,37296.41666,678.1166666,0,678.1166666,142.85,7856.750001
17209,35763.75,0,35763.75,650.25,0,650.25,37182.75,0,37182.75,676.05,0,676.05,172.2666667,9474.666667
17208,31817.5,55,31762.5,578.5,1,577.5,37070.91666,0,37070.91666,674.0166666,0,674.0166666,123.75,6806.25
17207,15578.75,0,15578.75,283.25,0,283.25,19192.25,0,19192.25,348.95,0,348.95,28.24999998,1553.749999
17206,13571.25,0,13571.25,246.75,0,246.75,19261.91666,0,19261.91666,350.2166666,0,350.2166666,42.5,2337.5
17205,13571.25,0,13571.25,246.75,0,246.75,22200.75,0,22200.75,403.65,0,403.65,10.53333333,579.3333332
17204,13447.5,0,13447.5,244.5,0,244.5,23959.83333,0,23959.83333,435.6333333,0,435.6333333,28.18333334,1550.083334
17203,34664.66667,0,34664.66667,630.2666667,0,630.2666667,23843.41666,0,23843.41666,433.5166665,0,433.5166665,263.9666667,14518.16667
17202,6668.749999,0,6668.749999,121.25,0,121.25,12333.75,0,12333.75,224.2499999,0,224.2499999,7.78333334,428.0833337
17201,0,0,0,0,0,0,3119.416666,0,3119.416666,56.71666666,0,56.71666666,0,0
17200,3080,0,3080,56,0,56,1341.999999,0,1341.999999,24.39999999,0,24.39999999,41.65,2290.75
17199,4675,0,4675,85,0,85,5637.499999,0,5637.499999,102.5,0,102.5,34.16666666,1879.166666
17198,2296.25,0,2296.25,41.75,0,41.75,2121.166666,0,2121.166666,38.56666666,0,38.56666666,16.08333334,884.5833337
17197,0,0,0,0,0,0,1443.75,0,1443.75,26.25,0,26.25,0,0
17196,0,0,0,0,0,0,151.25,0,151.25,2.75,0,2.75,0,0
17195,0,0,0,0,0,0,0,0,0,0,0,0,0,0
17194,1072.5,0,1072.5,19.5,0,19.5,1566.583333,0,1566.583333,28.48333333,0,28.48333333,6.98333333,384.0833332
17193,1758.288889,0,1758.288889,31.96888889,0,31.96888889,3732.666664,0,3732.666664,67.86666664,0,67.86666664,29.13555556,1602.455556
17192,0,0,0,0,0,0,0,0,0,0,0,0,0,0
17191,21230,0,21230,386,0,386,30817.41666,0,30817.41666,560.3166666,0,560.3166666,47.88333333,2633.583333
17190,11055,0,11055,201,0,201,10076.91667,0,10076.91667,183.2166667,0,183.2166667,72.21666667,3971.916667
17189,117975,0,117975,2145,0,2145,144833.3333,0,144833.3333,2633.333333,0,2633.333333,0,0
17188,4158.916667,0,4158.916667,75.61666667,0,75.61666667,3733.58333,0,3733.58333,67.88333329,0,67.88333329,25.13333336,1382.333335
17187,4592.5,0,4592.5,83.5,0,83.5,4683.249999,0,4683.249999,85.14999999,0,85.14999999,9.48333333,521.5833332
17186,4565,0,4565,83,0,83,7208.666666,0,7208.666666,131.0666667,0,131.0666667,5.65,310.75
17185,1870,0,1870,34,0,34,2310.916667,0,2310.916667,42.01666667,0,42.01666667,4.88333334,268.5833337
17184,10835,0,10835,197,0,197,6367.166669,0,6367.166669,115.7666667,0,115.7666667,81.2333333,4467.833332
17183,0,0,0,0,0,0,0,0,0,0,0,0,0,0
17182,0,0,0,0,0,0,0,0,0,0,0,0,0,0
17181,330,0,330,6,0,6,2110.166667,0,2110.166667,38.36666667,0,38.36666667,2.68333333,147.5833332
17180,0,0,0,0,0,0,0,0,0,0,0,0,0,0
17179,3176.249998,0,3176.249998,57.74999997,0,57.74999997,2881.083332,0,2881.083332,52.38333332,0,52.38333332,20.18333332,1110.083333
17178,2462.35,0,2462.35,44.77,0,44.77,0,0,0,0,0,0,44.77,2462.35
17177,3135.000001,0,3135.000001,57.00000001,0,57.00000001,2352.166666,0,2352.166666,42.76666666,0,42.76666666,18.96666668,1043.166667
17176,0,0,0,0,0,0,0,0,0,0,0,0,0,0
17175,0,0,0,0,0,0,0,0,0,0,0,0,0,0
17174,0,0,0,0,0,0,1293.416667,0,1293.416667,23.51666667,0,23.51666667,0,0
17173,2475,0,2475,45,0,45,8150.999999,0,8150.999999,148.2,0,148.2,2.55,140.25
17172,3375.166667,0,3375.166667,61.36666667,0,61.36666667,3093.749999,0,3093.749999,56.24999999,0,56.24999999,22.46666667,1235.666667
17171,0,0,0,0,0,0,9512.25,0,9512.25,172.95,0,172.95,0,0
17170,2859.999999,0,2859.999999,51.99999999,0,51.99999999,2244.916668,0,2244.916668,40.81666668,0,40.81666668,16.93333333,931.3333332
17169,0,0,0,0,0,0,0,0,0,0,0,0,0,0
17168,0,0,0,0,0,0,0,0,0,0,0,0,0,0
17167,0,0,0,0,0,0,0,0,0,0,0,0,0,0
17166,0,0,0,0,0,0,0,0,0,0,0,0,0,0
17165,0,0,0,0,0,0,0,0,0,0,0,0,0,0
17164,0,0,0,0,0,0,0,0,0,0,0,0,0,0
17163,3052.499999,0,3052.499999,55.49999999,0,55.49999999,2890.25,0,2890.25,52.55,0,52.55,17.09999999,940.4999995
17162,101823.3944,0,101823.3944,1851.334444,0,1851.334444,150864.0833,0,150864.0833,2742.983333,0,2742.983333,0,0
17161,7814.583333,0,7814.583333,142.0833333,0,142.0833333,12831.5,0,12831.5,233.3,0,233.3,9.73333333,535.3333332
17160,30800,0,30800,560,0,560,32793.75,0,32793.75,596.25,0,596.25,98.60000004,5423.000002
17159,11495,0,11495,209,0,209,13798.58333,0,13798.58333,250.8833333,0,250.8833333,19.26666665,1059.666666
17158,7521.250001,0,7521.250001,136.75,0,136.75,9945.833334,0,9945.833334,180.8333334,0,180.8333334,22.93333334,1261.333334
17157,0,0,0,0,0,0,0,0,0,0,0,0,0,0
17156,0,0,0,0,0,0,0,0,0,0,0,0,0,0
17155,0,0,0,0,0,0,0,0,0,0,0,0,0,0
17154,0,0,0,0,0,0,0,0,0,0,0,0,0,0
17153,431.75,0,431.75,7.85,0,7.85,212.666667,0,212.666667,3.86666667,0,3.86666667,3.98333333,219.0833332
17152,1732.5,0,1732.5,31.5,0,31.5,1826,0,1826,33.19999999,0,33.19999999,4.16666668,229.1666674
17151,0,0,0,0,0,0,110,0,110,2,0,2,0,0
17150,0,0,0,0,0,0,361.166666,0,361.166666,6.56666666,0,6.56666666,0,0
17149,27674.28889,0,27674.28889,503.1688889,0,503.1688889,0,0,0,0,0,0,503.1688889,27674.28889
17148,0,0,0,0,0,0,0,0,0,0,0,0,0,0
17147,0,0,0,0,0,0,0,0,0,0,0,0,0,0
17146,0,0,0,0,0,0,0,0,0,0,0,0,0,0
17145,18161,0,18161,330.2,0,330.2,0,0,0,0,0,0,330.2,18161
17144,27674.28889,0,27674.28889,503.1688889,0,503.1688889,0,0,0,0,0,0,503.1688889,27674.28889
17143,8419.644444,0,8419.644444,153.0844444,0,153.0844444,16367.08334,0,16367.08334,297.5833334,0,297.5833334,6.48333334,356.5833337
17142,2795.038889,0,2795.038889,50.81888889,0,50.81888889,3870.166665,0,3870.166665,70.36666665,0,70.36666665,14.2688889,784.7888895
17141,9899.999999,0,9899.999999,180,0,180,10967.91667,0,10967.91667,199.4166667,0,199.4166667,3.41666669,187.916668
17140,0,0,0,0,0,0,0,0,0,0,0,0,0,0
17139,950,0,950,19,0,19,1943.166667,0,1943.166667,36.5,0,36.5,3,150
17138,800,0,800,16,0,16,908.083334,0,908.083334,17.95,0,17.95,5.11666667,255.8333335
17137,2048.75,0,2048.75,37.25,0,37.25,939.583333,0,939.583333,17.08333332,0,17.08333332,21.05,1157.75
17136,0,0,0,0,0,0,0,0,0,0,0,0,0,0
17135,0,0,0,0,0,0,0,0,0,0,0,0,0,0
17134,0,0,0,0,0,0,0,0,0,0,0,0,0,0
17133,0,0,0,0,0,0,0,0,0,0,0,0,0,0
17132,1292.5,0,1292.5,23.5,0,23.5,1454.749999,0,1454.749999,26.44999999,0,26.44999999,12.75,701.25
17131,10950,0,10950,219,0,219,11123.5,0,11123.5,204.0666666,0,204.0666666,91.91666666,4595.833333
17130,8725,0,8725,174.5,0,174.5,9513.750002,0,9513.750002,189.8666666,0,189.8666666,23.81666668,1190.833334
17129,29975,0,29975,545,0,545,20290.41666,0,20290.41666,368.9166666,0,368.9166666,221.8833334,12203.58334
17128,600,0,600,12,0,12,2064.999999,0,2064.999999,41.29999998,0,41.29999998,0,0
17127,3125,0,3125,62.49999999,0,62.49999999,3584.5,0,3584.5,67.45,0,67.45,25.56666665,1278.333333
17126,26825,0,26825,536.5,0,536.5,49206.99999,0,49206.99999,896.4833331,0,896.4833331,26.05000001,1302.500001
17125,0,0,0,0,0,0,137.5,0,137.5,2.5,0,2.5,0,0
17124,2400,0,2400,48,0,48,3573.583335,0,3573.583335,70.18333333,0,70.18333333,3.5,175
17123,3325,0,3325,66.5,0,66.5,4572.249999,0,4572.249999,87.49999998,0,87.49999998,6.21666666,310.833333
17122,3925,0,3925,78.5,0,78.5,6581.833335,0,6581.833335,130.7666667,0,130.7666667,3.5,175
17121,6050,0,6050,121,0,121,6398.916666,0,6398.916666,122.8833333,0,122.8833333,15.06666667,753.3333335
17120,3250,0,3250,65,0,65,2922.333333,0,2922.333333,57.79999998,0,57.79999998,11.90000002,595.000001
17119,250,0,250,5,0,5,36.666667,0,36.666667,0.66666667,0,0.66666667,4.33333333,216.6666665
17118,800,0,800,16,0,16,790.166667,0,790.166667,15.78333334,0,15.78333334,16,800
17117,2050,0,2050,41,0,41,2470.5,0,2470.5,48.08333332,0,48.08333332,7.35,367.5
17116,0,0,0,0,0,0,0,0,0,0,0,0,0,0
17115,800,0,800,16,0,16,0,0,0,0,0,0,16,800
17114,9041.666668,0,9041.666668,180.8333334,0,180.8333334,13273.91667,0,13273.91667,251.7333333,0,251.7333333,25.58333337,1279.166669
17113,5750,0,5750,115,0,115,7679.583333,0,7679.583333,150.1333333,0,150.1333333,8.85000001,442.5000005
17112,9185,0,9185,173,0,173,8337.999997,0,8337.999997,151.6,0,151.6,76.98333334,4086.166667
17111,0,0,0,0,0,0,137.5,0,137.5,2.5,0,2.5,0,0
17110,0,0,0,0,0,0,0,0,0,0,0,0,0,0
17109,0,0,0,0,0,0,0,0,0,0,0,0,0,0
17108,0,0,0,0,0,0,0,0,0,0,0,0,0,0
17107,0,0,0,0,0,0,0,0,0,0,0,0,0,0
17106,30201.66667,0,30201.66667,604.0333333,0,604.0333333,0,0,0,0,0,0,604.0333333,30201.66667
17105,0,0,0,0,0,0,0,0,0,0,0,0,0,0
17104,0,0,0,0,0,0,325,0,325,6.5,0,6.5,0,0
17103,0,0,0,0,0,0,702.500001,0,702.500001,13.30000001,0,13.30000001,0,0
17102,0,0,0,0,0,0,0,0,0,0,0,0,0,0
17101,0,0,0,0,0,0,0,0,0,0,0,0,0,0
17100,0,0,0,0,0,0,0,0,0,0,0,0,0,0
17099,0,0,0,0,0,0,0,0,0,0,0,0,0,0
17098,0,0,0,0,0,0,0,0,0,0,0,0,0,0
17097,300,0,300,6,0,6,1155.833333,0,1155.833333,23.11666666,0,23.11666666,0,0
17096,26335,0,26335,526.7,0,526.7,26040.58333,0,26040.58333,505.3,0,505.3,61.66666672,3083.333336
17095,8750,0,8750,175,0,175,4017.166666,0,4017.166666,79.03333332,0,79.03333332,95.96666668,4798.333334
17094,0,0,0,0,0,0,2363.333334,0,2363.333334,47.26666667,0,47.26666667,0,0
17093,0,0,0,0,0,0,0,0,0,0,0,0,0,0
17092,16125,0,16125,322.5,0,322.5,18045.83333,0,18045.83333,360.9166666,0,360.9166666,53.25000001,2662.500001
17091,5775,0,5775,115.5,0,115.5,6435.000004,0,6435.000004,128.65,0,128.65,28.80000002,1440.000001
17090,0,0,0,0,0,0,867.500001,0,867.500001,17.35000001,0,17.35000001,0,0
17089,0,0,0,0,0,0,262.5,0,262.5,5,0,5,0,0
17088,0,0,0,0,0,0,0,0,0,0,0,0,0,0
17087,2350,0,2350,47,0,47,5384.166669,0,5384.166669,107.6833333,0,107.6833333,0,0
17086,630,0,630,12.6,0,12.6,91.666667,0,91.666667,1.83333333,0,1.83333333,10.76666667,538.3333335
17085,50,0,50,1,0,1,316.25,0,316.25,5.75,0,5.75,0,0
17084,42215.86111,0,42215.86111,844.3172222,0,844.3172222,0,0,0,0,0,0,844.3172222,42215.86111
17083,362.5,0,362.5,7.25,0,7.25,356.666668,0,356.666668,7.13333334,0,7.13333334,2.38333333,119.1666665
17082,4100,0,4100,82,0,82,7295.833331,0,7295.833331,145.9166666,0,145.9166666,7,350
17081,7350,0,7350,147,0,147,7287.500002,0,7287.500002,145.75,0,145.75,43.21666668,2160.833334
17080,8862.5,0,8862.5,174.5,0,174.5,7214.166668,0,7214.166668,144.2333333,0,144.2333333,69.16666667,3595.833334
17079,3275,0,3275,65.5,0,65.5,3378.333335,0,3378.333335,67.56666664,0,67.56666664,11.26666668,563.333334
17078,44639.22222,0,44639.22222,811.6222222,0,811.6222222,63469.08332,0,63469.08332,1153.983333,0,1153.983333,67.47777775,3711.277776
17077,0,0,0,0,0,0,0,0,0,0,0,0,0,0
17076,2250,0,2250,45,0,45,2262.500002,0,2262.500002,47.99999999,0,47.99999999,19.16666667,958.3333335
17075,56492.5,0,56492.5,1111.25,0,1111.25,47474,0,47474,940.0833331,0,940.0833331,406.4500001,21246.83334
17074,1600,0,1600,32,0,32,2006.666667,0,2006.666667,40.13333332,0,40.13333332,4.23333334,211.666667
17073,4250,0,4250,85,0,85,7413.333333,0,7413.333333,148.2666666,0,148.2666666,15.93333335,796.6666675
17072,760,0,760,15.2,0,15.2,758.333334,0,758.333334,15.16666667,0,15.16666667,0.03333333,1.6666665
17071,1029.166667,0,1029.166667,20.58333333,0,20.58333333,1413.333334,0,1413.333334,28.26666666,0,28.26666666,3.58333333,179.1666665
17070,0,0,0,0,0,0,0,0,0,0,0,0,0,0
17069,1150,0,1150,23,0,23,891.666667,0,891.666667,17.83333333,0,17.83333333,5.16666667,258.3333335
17068,7404.166667,0,7404.166667,148.0833333,0,148.0833333,5994.583336,0,5994.583336,119.7166666,0,119.7166666,71.46666668,3573.333334
17067,3100,0,3100,62,0,62,4074.166667,0,4074.166667,81.48333333,0,81.48333333,0,0
17066,0,0,0,0,0,0,0,0,0,0,0,0,0,0
17065,0,0,0,0,0,0,0,0,0,0,0,0,0,0
17064,338.027778,0,338.027778,6.76527778,0,6.76527778,186.666668,0,186.666668,9.58333334,0,9.58333334,3.395,169.638889
17063,6127.125,0,6127.125,122.5522222,0,122.5522222,9388.333336,0,9388.333336,187.7666666,0,187.7666666,14.61361111,730.1944445
17062,0,0,0,0,0,0,0,0,0,0,0,0,0,0
17061,338.027778,0,338.027778,6.76527778,0,6.76527778,280.833335,0,280.833335,5.61666666,0,5.61666666,3.61416667,180.4722225
17060,2083.861112,0,2083.861112,41.68194445,0,41.68194445,1287.500001,0,1287.500001,25.74999999,0,25.74999999,23.66222221,1182.875
17059,1017.763889,0,1017.763889,20.36222222,0,20.36222222,1170.000001,0,1170.000001,23.4,0,23.4,8.35361111,417.3333335
17058,5150,0,5150,103,0,103,3238.333335,0,3238.333335,64.76666666,0,64.76666666,39.20000001,1960.000001
17057,1887.5,0,1887.5,37.75,0,37.75,2295,0,2295,42.3,0,42.3,0,0
17056,450,0,450,9,0,9,567.5,0,567.5,11.35,0,11.35,6,300
17055,0,0,0,0,0,0,245,0,245,4.9,0,4.9,0,0
17054,7779.166667,0,7779.166667,155.5833333,0,155.5833333,11293.58334,0,11293.58334,224.9833333,0,224.9833333,64.03333334,3201.666667
17053,7404.166667,0,7404.166667,148.0833333,0,148.0833333,9846.666671,0,9846.666671,196.9333333,0,196.9333333,50.35000001,2517.500001
17052,7779.166667,0,7779.166667,155.5833333,0,155.5833333,7267.500005,0,7267.500005,145.1166666,0,145.1166666,65.96666668,3298.333334
17051,8391.666667,0,8391.666667,167.8333333,0,167.8333333,6261.666672,0,6261.666672,125.2333333,0,125.2333333,104.7,5235.000001
17050,0,0,0,0,0,0,0,0,0,0,0,0,0,0
17049,0,0,0,0,0,0,0,0,0,0,0,0,0,0
17048,4100,0,4100,82,0,82,3665.833334,0,3665.833334,73.31666663,0,73.31666663,21.40000002,1070.000001
17047,0,0,0,0,0,0,3102.5,0,3102.5,62.05,0,62.05,0,0
17046,850,0,850,17,0,17,1720.833335,0,1720.833335,34.41666667,0,34.41666667,3.68333333,184.1666665
17045,26400,0,26400,480,0,480,29601,0,29601,538.2,0,538.2,0,0
17044,2785,0,2785,55.7,0,55.7,2605.833332,0,2605.833332,52.0833333,0,52.0833333,3.6166667,180.833335
17043,0,0,0,0,0,0,0,0,0,0,0,0,0,0
17042,0,0,0,0,0,0,0,0,0,0,0,0,0,0
17041,0,0,0,0,0,0,0,0,0,0,0,0,0,0
17040,0,0,0,0,0,0,0,0,0,0,0,0,0,0
17039,15852.58333,0,15852.58333,317.0516667,0,317.0516667,47873.33333,0,47873.33333,951.7166666,0,951.7166666,20.41666668,1020.833334
17038,0,0,0,0,0,0,200,0,200,4,0,4,0,0
17037,8850,0,8850,177,0,177,8996.666667,0,8996.666667,179.9333333,0,179.9333333,29.71666667,1485.833334
17036,8735,0,8735,174.7,0,174.7,4049.916667,0,4049.916667,73.76666667,0,73.76666667,100.9333333,5046.666667
17035,100,0,100,2,0,2,0,0,0,0,0,0,2,100
17034,9700,0,9700,194,0,194,295.833333,0,295.833333,5.91666666,0,5.91666666,188.0833333,9404.166667
17033,0,0,0,0,0,0,0,0,0,0,0,0,0,0
17032,0,0,0,0,0,0,0,0,0,0,0,0,0,0
17031,0,0,0,0,0,0,0,0,0,0,0,0,0,0
17030,8123.5,0,8123.5,147.7,0,147.7,7392,0,7392,134.4,0,134.4,13.3,731.5
17029,0,0,0,0,0,0,0,0,0,0,0,0,0,0
17028,1550,0,1550,31,0,31,2709.166667,0,2709.166667,54.18333331,0,54.18333331,3.95,197.5
17027,0,0,0,0,0,0,0,0,0,0,0,0,0,0
17026,0,0,0,0,0,0,337.5,0,337.5,6.75,0,6.75,0,0
17025,0,0,0,0,0,0,0,0,0,0,0,0,0,0
17024,0,0,0,0,0,0,274.166667,0,274.166667,5.48333333,0,5.48333333,0,0
17023,12700,0,12700,254,0,254,16942.5,0,16942.5,338.8499999,0,338.8499999,14.88333332,744.166666
17022,30201.66667,0,30201.66667,604.0333333,0,604.0333333,316.666667,0,316.666667,6.33333333,0,6.33333333,600.0333333,30001.66667
17021,9225,0,9225,184.5,0,184.5,14971.66667,0,14971.66667,299.4333333,0,299.4333333,14.66666667,733.3333335
17020,16475,0,16475,329.5,0,329.5,25887.50001,0,25887.50001,517.75,0,517.75,37.15,1857.5
17019,29750,0,29750,595,0,595,79840.83334,0,79840.83334,1596.816667,0,1596.816667,13.81666666,690.833333
17018,2100,0,2100,42,0,42,404.166666,0,404.166666,8.08333332,0,8.08333332,37,1850
17017,0,0,0,0,0,0,208.333334,0,208.333334,4.16666667,0,4.16666667,0,0
17016,8150,0,8150,163,0,163,5815.833334,0,5815.833334,116.3166666,0,116.3166666,104.0666667,5203.333334
17015,0,0,0,0,0,0,0.833334,0,0.833334,0.01666667,0,0.01666667,0,0
17014,0,0,0,0,0,0,120.833334,0,120.833334,2.41666667,0,2.41666667,0,0
17013,0,0,0,0,0,0,9858.333329,0,9858.333329,197.1666666,0,197.1666666,0,0
17012,0,0,0,0,0,0,0,0,0,0,0,0,0,0
17011,0,0,0,0,0,0,2087.583333,0,2087.583333,39.83333333,0,39.83333333,0,0
17010,0,0,0,0,0,0,564.166667,0,564.166667,11.28333334,0,11.28333334,0,0
17009,900,0,900,18,0,18,525,0,525,10.5,0,10.5,7.5,375
17008,1020,0,1020,20,0,20,64.166667,0,64.166667,1.16666667,0,1.16666667,18.83333333,958.3333332
17007,21000,0,21000,420,0,420,17700,0,17700,354,0,354,66,3300
17006,19483.33333,0,19483.33333,389.6666667,0,389.6666667,9265.000002,0,9265.000002,185.3,0,185.3,266.65,13332.5
17005,0,0,0,0,0,0,0,0,0,0,0,0,0,0
17004,0,0,0,0,0,0,7197.499999,0,7197.499999,143.95,0,143.95,0,0
17003,7920,0,7920,158.4,0,158.4,11854.16667,0,11854.16667,237.0833333,0,237.0833333,0,0
17002,3404.222222,0,3404.222222,68.08444444,0,68.08444444,8909.166668,0,8909.166668,178.1833333,0,178.1833333,39.18444444,1959.222222
17001,0,0,0,0,0,0,0,0,0,0,0,0,0,0
17000,1150,0,1150,23,0,23,2095.000002,0,2095.000002,41.9,0,41.9,4.56666667,228.3333335
16999,17700,0,17700,354,0,354,22200.83333,0,22200.83333,444.0166666,0,444.0166666,20.60000002,1030.000001
16998,17700,0,17700,354,0,354,19776.66667,0,19776.66667,395.5333333,0,395.5333333,8.38333333,419.1666665
16997,11450,0,11450,229,0,229,9904.166666,0,9904.166666,198.0833333,0,198.0833333,70.8166667,3540.833335
16996,11470,0,11470,229.4,0,229.4,10503.33334,0,10503.33334,210.0666667,0,210.0666667,71.55000001,3577.500001
16995,0,0,0,0,0,0,8559.166668,0,8559.166668,171.1833333,0,171.1833333,0,0
16994,0,0,0,0,0,0,0,0,0,0,0,0,0,0
16993,716.6666665,0,716.6666665,14.33333333,0,14.33333333,467.5,0,467.5,9.35,0,9.35,4.98333333,249.1666665
16992,0,0,0,0,0,0,0,0,0,0,0,0,0,0
16991,0,0,0,0,0,0,150,0,150,3,0,3,0,0
16990,0,0,0,0,0,0,0,0,0,0,0,0,0,0
16989,2500,0,2500,50,0,50,1125,0,1125,22.5,0,22.5,27.5,1375
16988,1650,0,1650,33,0,33,2398.333335,0,2398.333335,47.96666666,0,47.96666666,3.75,187.5
16987,4950,0,4950,99,0,99,5619.999999,0,5619.999999,112.3999999,0,112.3999999,14.25,712.5
16986,0,0,0,0,0,0,0,0,0,0,0,0,0,0
16985,3875,0,3875,77.5,0,77.5,10577.5,0,10577.5,211.55,0,211.55,3.5,175
16984,0,0,0,0,0,0,0,0,0,0,0,0,0,0
16983,0,0,0,0,0,0,8119.166666,0,8119.166666,162.3833333,0,162.3833333,0,0
16982,16650,0,16650,333,0,333,11067.5,0,11067.5,221.35,0,221.35,179.8,8990.000001
16981,0,0,0,0,0,0,0,0,0,0,0,0,0,0
16980,0,0,0,0,0,0,0,0,0,0,0,0,0,0
16979,13850.11111,0,13850.11111,277.0022222,0,277.0022222,16173.33334,0,16173.33334,323.4666666,0,323.4666666,55.36666668,2768.333334
16978,7600,0,7600,152,0,152,11738.33333,0,11738.33333,234.7666666,0,234.7666666,23.11666667,1155.833334
16977,0,0,0,0,0,0,0,0,0,0,0,0,0,0
16976,0,0,0,0,0,0,0,0,0,0,0,0,0,0
16975,8000,0,8000,160,0,160,12541.66667,0,12541.66667,250.8333333,0,250.8333333,11.81666668,590.833334
16974,0,0,0,0,0,0,0,0,0,0,0,0,0,0
16973,0,0,0,0,0,0,0,0,0,0,0,0,0,0
16972,97.5,0,97.5,1.95,0,1.95,70,0,70,1.4,0,1.4,0.55,27.5
16971,0,0,0,0,0,0,910275.6667,0,910275.6667,17916.76667,0,17916.76667,0,0
16970,0,0,0,0,0,0,1850,0,1850,36.99999998,0,36.99999998,0,0
16969,25230,0,25230,504.6,0,504.6,9535.833335,0,9535.833335,190.7166667,0,190.7166667,338.1833333,16909.16667
16968,0,0,0,0,0,0,10103.33333,0,10103.33333,202.0666667,0,202.0666667,0,0
16967,0,0,0,0,0,0,0,0,0,0,0,0,0,0
16966,63420,0,63420,1250,0,1250,16920.74999,0,16920.74999,307.6499999,0,307.6499999,1041.533333,52286.16667
16965,0,0,0,0,0,0,2125,0,2125,42.5,0,42.5,0,0
16964,0,0,0,0,0,0,0,0,0,0,0,0,0,0
16963,0,0,0,0,0,0,3675,0,3675,73.5,0,73.5,0,0
16962,2100,0,2100,42,0,42,6092.500003,0,6092.500003,121.85,0,121.85,8,400
16961,0,0,0,0,0,0,66.666667,0,66.666667,1.33333333,0,1.33333333,0,0
16960,2200,0,2200,44,0,44,2270.833333,0,2270.833333,45.01666665,0,45.01666665,0,0
16959,10712.5,0,10712.5,214.25,0,214.25,12204.16667,0,12204.16667,244.0833333,0,244.0833333,28.21666667,1410.833334
16958,8050,0,8050,161,0,161,19597,0,19597,373.7833332,0,373.7833332,10.66666667,533.3333335
16957,6900,0,6900,138,0,138,4980.833333,0,4980.833333,99.61666665,0,99.61666665,38.38333335,1919.166668
16956,7925,0,7925,158.5,0,158.5,10994.16667,0,10994.16667,219.8833333,0,219.8833333,19.08333333,954.1666665
16955,0,0,0,0,0,0,148192.5,0,148192.5,2963.85,0,2963.85,0,0
16954,7200,0,7200,144,0,144,10657.66667,0,10657.66667,209.2666667,0,209.2666667,27.15,1357.5
16953,17910,0,17910,358.2,0,358.2,20630.58333,0,20630.58333,375.45,0,375.45,0,0
16952,0,0,0,0,0,0,17860.83333,0,17860.83333,357.2166667,0,357.2166667,0,0
16951,0,0,0,0,0,0,0,0,0,0,0,0,0,0
16950,0,0,0,0,0,0,0,0,0,0,0,0,0,0
16949,0,0,0,0,0,0,416.666668,0,416.666668,8.33333334,0,8.33333334,0,0
16948,4150,0,4150,83,0,83,6785.833336,0,6785.833336,135.7166667,0,135.7166667,6.25,312.5
16947,5000,0,5000,100,0,100,0,0,0,0,0,0,100,5000
16946,0,0,0,0,0,0,0,0,0,0,0,0,0,0
16945,0.013889,0,0.013889,0.00027778,0,0.00027778,0,0,0,0,0,0,0.00027778,0.013889
16944,4300,0,4300,86,0,86,5300.833336,0,5300.833336,106.0166667,0,106.0166667,11.53333333,576.6666665
16943,0,0,0,0,0,0,0,0,0,0,0,0,0,0
16942,18766.66667,0,18766.66667,375.3333333,0,375.3333333,18835,0,18835,376.6999999,0,376.6999999,59.11666666,2955.833333
16941,0,0,0,0,0,0,0,0,0,0,0,0,0,0
16940,8000.013889,0,8000.013889,160.0002778,0,160.0002778,9979.833333,0,9979.833333,198.1,0,198.1,28.10000002,1405.000001
16939,6250.013889,0,6250.013889,125.0002778,0,125.0002778,7077.500003,0,7077.500003,140.6,0,140.6,22.21694444,1110.847222
16938,6250.013889,0,6250.013889,125.0002778,0,125.0002778,8096.833333,0,8096.833333,161.5333333,0,161.5333333,15.10000003,755.0000015
16937,7400,0,7400,148,0,148,8447.5,0,8447.5,168.95,0,168.95,10.7,535
16936,6900,0,6900,138,0,138,0,0,0,0,0,0,138,6900
16935,7925,0,7925,158.5,0,158.5,10135.83333,0,10135.83333,202.7166666,0,202.7166666,14.16666667,708.3333335
16934,13350,0,13350,267,0,267,27077.5,0,27077.5,544.2166666,0,544.2166666,55.05,2752.5
16933,14675,0,14675,293.5,0,293.5,41533.33334,0,41533.33334,835.8333332,0,835.8333332,5.10000001,255.0000005
16932,12750,0,12750,255,0,255,26858.33334,0,26858.33334,537.9166666,0,537.9166666,11.7166667,585.833335
16931,10150,0,10150,203,0,203,27112.5,0,27112.5,550.3499999,0,550.3499999,16.30000003,815.0000015
16930,20100,0,20100,402,0,402,39783.33334,0,39783.33334,802.5833332,0,802.5833332,22.00000001,1100.000001
16929,10275,0,10275,205.5,0,205.5,28939.16667,0,28939.16667,589.15,0,589.15,22.38333333,1119.166667
16928,19600,0,19600,392,0,392,55020,0,55020,1118.6,0,1118.6,34.00000001,1700.000001
16927,20450,0,20450,409,0,409,58586.66667,0,58586.66667,1176.416667,0,1176.416667,11.08333334,554.166667
16926,5850,0,5850,117,0,117,25084.16667,0,25084.16667,503.5666666,0,503.5666666,14.45,722.5
16925,3000,0,3000,60,0,60,50,0,50,1,0,1,60,3000
16924,4550.013889,0,4550.013889,91.00027778,0,91.00027778,6098.333334,0,6098.333334,121.9666666,0,121.9666666,70.13333335,3506.666668
16923,24350,0,24350,487,0,487,5544.166667,0,5544.166667,110.8833333,0,110.8833333,487,24350
16922,0,0,0,0,0,0,0,0,0,0,0,0,0,0
16921,0,0,0,0,0,0,0,0,0,0,0,0,0,0
16920,0,0,0,0,0,0,0,0,0,0,0,0,0,0
16919,0,0,0,0,0,0,0,0,0,0,0,0,0,0
16918,0,0,0,0,0,0,0,0,0,0,0,0,0,0
16917,8931.333334,0,8931.333334,180.6666667,0,180.6666667,14121.78333,0,14121.78333,287.4166666,0,287.4166666,16.96666666,848.333333
16916,0,0,0,0,0,0,0,0,0,0,0,0,0,0
16915,0,0,0,0,0,0,0,0,0,0,0,0,0,0
16914,29800,0,29800,596,0,596,24523.33333,0,24523.33333,490.4666667,0,490.4666667,128.6666667,6433.333334
16913,1000,0,1000,20,0,20,500,0,500,10,0,10,10,500
16912,0,0,0,0,0,0,0,0,0,0,0,0,0,0
16911,0,0,0,0,0,0,0,0,0,0,0,0,0,0
16910,0,0,0,0,0,0,0,0,0,0,0,0,0,0
16909,1000,0,1000,20,0,20,0,0,0,0,0,0,20,1000
16908,700,0,700,14,0,14,575,0,575,11.5,0,11.5,2.5,125
16907,1850,0,1850,37,0,37,1450,0,1450,29,0,29,8,400
16906,3050,0,3050,61,0,61,2403.333334,0,2403.333334,48.06666665,0,48.06666665,16.40000001,820.0000005
16905,11950,0,11950,239,0,239,17467.5,0,17467.5,349.3499999,0,349.3499999,65.5,3275
16904,0,0,0,0,0,0,0,0,0,0,0,0,0,0
16903,0,0,0,0,0,0,0,0,0,0,0,0,0,0
16902,3306.25,0,3306.25,66.125,0,66.125,3746.666669,0,3746.666669,74.93333331,0,74.93333331,24.875,1243.75
16901,4975,0,4975,99.5,0,99.5,5454.166666,0,5454.166666,109.0833333,0,109.0833333,16.08333334,804.166667
16900,24200,0,24200,484,0,484,0,0,0,0,0,0,484,24200
16899,140000,0,140000,2800,0,2800,41286.66667,0,41286.66667,825.7333333,0,825.7333333,1974.266667,98713.33333
16898,3320.861111,0,3320.861111,66.41722222,0,66.41722222,0,0,0,0,0,0,66.41722222,3320.861111
16897,0,0,0,0,0,0,0,0,0,0,0,0,0,0
16896,4000,0,4000,80,0,80,3033.333335,0,3033.333335,60.66666667,0,60.66666667,55.08333333,2754.166667
16895,3725.083334,0,3725.083334,74.50166667,0,74.50166667,3742.499999,0,3742.499999,74.84999998,0,74.84999998,0,0
16894,4100,0,4100,82,0,82,2470.833334,0,2470.833334,49.41666667,0,49.41666667,40.26666666,2013.333333
16893,16400,0,16400,328,0,328,22367.5,0,22367.5,447.3499999,0,447.3499999,68.15,3407.5
16892,0,0,0,0,0,0,0,0,0,0,0,0,0,0
16891,0,0,0,0,0,0,125,0,125,2.5,0,2.5,0,0
16890,0,0,0,0,0,0,0,0,0,0,0,0,0,0
16889,0,0,0,0,0,0,0,0,0,0,0,0,0,0
16888,0,0,0,0,0,0,0,0,0,0,0,0,0,0
16887,528377.5833,0,528377.5833,10567.55167,0,10567.55167,788516.6667,0,788516.6667,15770.33333,0,15770.33333,0,0
16886,26000,0,26000,520,0,520,50,0,50,1,0,1,519,25950
16885,5250,0,5250,105,0,105,0,0,0,0,0,0,105,5250
16884,6750,0,6750,135,0,135,0,0,0,0,0,0,135,6750
16883,3250,0,3250,65,0,65,0,0,0,0,0,0,65,3250
16882,3000,0,3000,60,0,60,0,0,0,0,0,0,60,3000
16881,6500,0,6500,130,0,130,0,0,0,0,0,0,130,6500
16880,19250,0,19250,385,0,385,0,0,0,0,0,0,385,19250
16879,1500,0,1500,30,0,30,0,0,0,0,0,0,30,1500
16878,3000,0,3000,60,0,60,0,0,0,0,0,0,60,3000
16877,2000,0,2000,40,0,40,0,0,0,0,0,0,40,2000
16876,2000,0,2000,40,0,40,0,0,0,0,0,0,40,2000
16875,24250,0,24250,485,0,485,0,0,0,0,0,0,485,24250
16874,13250,0,13250,265,0,265,0,0,0,0,0,0,265,13250
16873,1500,0,1500,30,0,30,0,0,0,0,0,0,30,1500
16872,10500,0,10500,210,0,210,0,0,0,0,0,0,210,10500
16871,1750,0,1750,35,0,35,0,0,0,0,0,0,35,1750
16870,4000,0,4000,80,0,80,0,0,0,0,0,0,80,4000
16869,24250,0,24250,485,0,485,0,0,0,0,0,0,485,24250
16868,1500,0,1500,30,0,30,0,0,0,0,0,0,30,1500
16867,3500,0,3500,70,0,70,0,0,0,0,0,0,70,3500
16866,3250,0,3250,65,0,65,0,0,0,0,0,0,65,3250
16865,4000,0,4000,80,0,80,0,0,0,0,0,0,80,4000
16864,28250,0,28250,565,0,565,0,0,0,0,0,0,565,28250
16863,2000,0,2000,40,0,40,0,0,0,0,0,0,40,2000
16862,11250,0,11250,225,0,225,0,0,0,0,0,0,225,11250
16861,9250,0,9250,185,0,185,1600,0,1600,32,0,32,153,7650
16860,54350,0,54350,1087,0,1087,95870.83333,0,95870.83333,1917.416667,0,1917.416667,962,48100
16859,20250,0,20250,405,0,405,18000,0,18000,360,0,360,300,15000
16858,0.013889,0,0.013889,0.00027778,0,0.00027778,0,0,0,0,0,0,0.00027778,0.013889
16857,0.013889,0,0.013889,0.00027778,0,0.00027778,0,0,0,0,0,0,0.00027778,0.013889
16856,4170.833333,0,4170.833333,83.41666666,0,83.41666666,6721.666669,0,6721.666669,134.4333333,0,134.4333333,13.66666666,683.333333
16855,5290,0,5290,105.8,0,105.8,11070,0,11070,221.4,0,221.4,5.83333333,291.6666665
16854,550,0,550,11,0,11,1460.833334,0,1460.833334,29.21666666,0,29.21666666,1,50
16853,0,0,0,0,0,0,0,0,0,0,0,0,0,0
16852,16100,0,16100,322,0,322,27190.83333,0,27190.83333,543.8166666,0,543.8166666,3.85000001,192.5000005
16851,32200,0,32200,644,0,644,46077.49999,0,46077.49999,921.5499998,0,921.5499998,3.56666669,178.3333345
16850,100,0,100,2,0,2,0,0,0,0,0,0,2,100
16849,1000,0,1000,20,0,20,3431.666667,0,3431.666667,68.63333331,0,68.63333331,2,100
16848,25179.16667,0,25179.16667,503.5833333,0,503.5833333,41666.66667,0,41666.66667,833.3333333,0,833.3333333,68.30000001,3415.000001
16847,0,0,0,0,0,0,0,0,0,0,0,0,0,0
16846,0,0,0,0,0,0,50,0,50,1,0,1,0,0
16845,0,0,0,0,0,0,75,0,75,1.5,0,1.5,0,0
16844,0,0,0,0,0,0,0,0,0,0,0,0,0,0
16843,0,0,0,0,0,0,0,0,0,0,0,0,0,0
16842,2958.333333,0,2958.333333,59.16666666,0,59.16666666,1910,0,1910,38.19999998,0,38.19999998,21.06666667,1053.333334
16841,400,0,400,8,0,8,374.166667,0,374.166667,7.48333334,0,7.48333334,0.51666666,25.833333
16840,0,0,0,0,0,0,0,0,0,0,0,0,0,0
16839,0,0,0,0,0,0,830,0,830,16.6,0,16.6,0,0
16838,0,0,0,0,0,0,0,0,0,0,0,0,0,0
16837,21163.47222,0,21163.47222,423.2694444,0,423.2694444,51772.5,0,51772.5,1035.45,0,1035.45,69.5,3475
16836,54900,0,54900,1098,0,1098,83375.83333,0,83375.83333,1667.516666,0,1667.516666,121.5,6075.000001
16835,22616.66667,0,22616.66667,452.3333333,0,452.3333333,33768.33333,0,33768.33333,675.3666666,0,675.3666666,34.89999999,1745
16834,0,0,0,0,0,0,0,0,0,0,0,0,0,0
16833,500,0,500,10,0,10,555.833333,0,555.833333,11.11666666,0,11.11666666,1,50
16832,700,0,700,14,0,14,150,0,150,3,0,3,11,550
16831,19650,0,19650,393,0,393,30030.83333,0,30030.83333,600.6166666,0,600.6166666,36.5,1825
16830,0,0,0,0,0,0,0,0,0,0,0,0,0,0
16829,0,0,0,0,0,0,0,0,0,0,0,0,0,0
16828,0,0,0,0,0,0,0,0,0,0,0,0,0,0
16827,3300,0,3300,66,0,66,8181.666667,0,8181.666667,163.6333333,0,163.6333333,0,0
16826,0,0,0,0,0,0,0,0,0,0,0,0,0,0
16825,0,0,0,0,0,0,0,0,0,0,0,0,0,0
16824,0,0,0,0,0,0,0,0,0,0,0,0,0,0
16823,0,0,0,0,0,0,0,0,0,0,0,0,0,0
16822,13000,0,13000,260,0,260,22329.16667,0,22329.16667,446.5833333,0,446.5833333,18.91666668,945.833334
16821,0,0,0,0,0,0,4750,0,4750,95,0,95,0,0
16820,850,0,850,17,0,17,5189.166667,0,5189.166667,103.7833333,0,103.7833333,0,0
16819,1000,0,1000,20,0,20,556.666667,0,556.666667,11.13333333,0,11.13333333,8.86666667,443.3333335
16818,200,0,200,4,0,4,109.166667,0,109.166667,2.18333334,0,2.18333334,1.81666666,90.833333
16817,0,0,0,0,0,0,0,0,0,0,0,0,0,0
16816,15482.5,0,15482.5,281.5,0,281.5,5651.25,0,5651.25,102.75,0,102.75,178.75,9831.25
16815,12200,0,12200,244,0,244,12421.25,0,12421.25,235.4666667,0,235.4666667,27.91666668,1395.833334
16814,15482.5,0,15482.5,281.5,0,281.5,17433.16667,0,17433.16667,316.9666667,0,316.9666667,0,0
16813,12200,0,12200,244,0,244,12665.41667,0,12665.41667,241.8333333,0,241.8333333,17.90000002,895.000001
16812,15482.5,0,15482.5,281.5,0,281.5,5897.5,0,5897.5,117.25,0,117.25,164.25,9033.75
16811,12200,0,12200,244,0,244,18580,0,18580,370.55,0,370.55,8,400
16810,250,0,250,5,0,5,535.833333,0,535.833333,10.71666666,0,10.71666666,0,0
16809,1950,0,1950,39,0,39,3225,0,3225,64.49999999,0,64.49999999,6.96666667,348.3333335
16808,500,0,500,10,0,10,431.666667,0,431.666667,8.63333333,0,8.63333333,7,350
16807,0,0,0,0,0,0,1213.333334,0,1213.333334,24.26666667,0,24.26666667,0,0
16806,0,0,0,0,0,0,0,0,0,0,0,0,0,0
16805,3000,0,3000,60,0,60,2182.5,0,2182.5,43.65,0,43.65,16.35,817.5
16804,375,0,375,7.5,0,7.5,96.666667,0,96.666667,1.93333334,0,1.93333334,5.56666666,278.333333
16803,0,0,0,0,0,0,4164.166666,0,4164.166666,83.2833333,0,83.2833333,0,0
16802,11230.08333,0,11230.08333,224.6016667,0,224.6016667,8810.000002,0,8810.000002,176.2,0,176.2,59.10166666,2955.083333
16801,50,0,50,1,0,1,0,0,0,0,0,0,1,50
16800,4000,0,4000,80,0,80,4385.833334,0,4385.833334,87.71666662,0,87.71666662,47.71666668,2385.833334
16799,8637.5,0,8637.5,172.75,0,172.75,0,0,0,0,0,0,172.75,8637.5
16798,5825,0,5825,116.5,0,116.5,0,0,0,0,0,0,116.5,5825
16797,0,0,0,0,0,0,177.5,0,177.5,3.55,0,3.55,0,0
16796,400,0,400,8,0,8,813.333333,0,813.333333,16.26666666,0,16.26666666,0,0
16795,1320,0,1320,26.4,0,26.4,775,0,775,15.49999999,0,15.49999999,10.90000001,545.0000005
16794,0,0,0,0,0,0,2149.166666,0,2149.166666,42.98333332,0,42.98333332,0,0
16793,0,0,0,0,0,0,0,0,0,0,0,0,0,0
16792,4575,0,4575,91.5,0,91.5,3203.333334,0,3203.333334,64.06666664,0,64.06666664,28.93333336,1446.666668
16791,4575,0,4575,91.5,0,91.5,3537.5,0,3537.5,70.74999998,0,70.74999998,28.40000001,1420.000001
16790,4575,0,4575,91.5,0,91.5,2952.500002,0,2952.500002,59.05000001,0,59.05000001,34.71666666,1735.833333
16789,4575,0,4575,91.5,0,91.5,4141.666668,0,4141.666668,82.83333332,0,82.83333332,20.48333334,1024.166667
16788,4575,0,4575,91.5,0,91.5,5250.833334,0,5250.833334,105.0166667,0,105.0166667,12.29999999,614.9999995
16787,0,0,0,0,0,0,0,0,0,0,0,0,0,0
16786,0,0,0,0,0,0,0,0,0,0,0,0,0,0
16785,0,0,0,0,0,0,206.666667,0,206.666667,4.13333333,0,4.13333333,0,0
16784,0,0,0,0,0,0,0,0,0,0,0,0,0,0
16783,0,0,0,0,0,0,0,0,0,0,0,0,0,0
16782,990,0,990,19.8,0,19.8,1059.166667,0,1059.166667,21.18333333,0,21.18333333,0,0
16781,0,0,0,0,0,0,0,0,0,0,0,0,0,0
16780,0,0,0,0,0,0,33422.50001,0,33422.50001,668.45,0,668.45,0,0
16779,0,0,0,0,0,0,52.5,0,52.5,1.05,0,1.05,0,0
16778,3000,0,3000,60,0,60,0,0,0,0,0,0,60,3000
16777,0,0,0,0,0,0,0,0,0,0,0,0,0,0
16776,0,0,0,0,0,0,0,0,0,0,0,0,0,0
16775,3075.944445,0,3075.944445,61.51888889,0,61.51888889,0,0,0,0,0,0,61.51888889,3075.944445
16774,22875,0,22875,457.5,0,457.5,0,0,0,0,0,0,457.5,22875
16773,15775,0,15775,315.5,0,315.5,0,0,0,0,0,0,315.5,15775
16772,15775,0,15775,315.5,0,315.5,0,0,0,0,0,0,315.5,15775
16771,11437.5,0,11437.5,228.75,0,228.75,0,0,0,0,0,0,228.75,11437.5
16770,7887.5,0,7887.5,157.75,0,157.75,0,0,0,0,0,0,157.75,7887.5
16769,7887.5,0,7887.5,157.75,0,157.75,0,0,0,0,0,0,157.75,7887.5
16768,0,0,0,0,0,0,0,0,0,0,0,0,0,0
16767,0,0,0,0,0,0,0,0,0,0,0,0,0,0
16766,7250,0,7250,145,0,145,0,0,0,0,0,0,145,7250
16765,8500,0,8500,170,0,170,0,0,0,0,0,0,170,8500
16764,12350,0,12350,247,0,247,0,0,0,0,0,0,247,12350
16763,7650,0,7650,153,0,153,0,0,0,0,0,0,153,7650
16762,11700,0,11700,234,0,234,0,0,0,0,0,0,234,11700
16761,7650,0,7650,153,0,153,0,0,0,0,0,0,153,7650
16760,11700,0,11700,234,0,234,0,0,0,0,0,0,234,11700
16759,8500,0,8500,170,0,170,0,0,0,0,0,0,170,8500
16758,11437.5,0,11437.5,228.75,0,228.75,0,0,0,0,0,0,228.75,11437.5
16757,7887.5,0,7887.5,157.75,0,157.75,0,0,0,0,0,0,157.75,7887.5
16756,7887.5,0,7887.5,157.75,0,157.75,0,0,0,0,0,0,157.75,7887.5
16755,7637.5,0,7637.5,152.75,0,152.75,0,0,0,0,0,0,152.75,7637.5
16754,7225,0,7225,144.5,0,144.5,0,0,0,0,0,0,144.5,7225
16753,0,0,0,0,0,0,0,0,0,0,0,0,0,0
16752,0,0,0,0,0,0,0,0,0,0,0,0,0,0
16751,0,0,0,0,0,0,0,0,0,0,0,0,0,0
16750,0,0,0,0,0,0,0,0,0,0,0,0,0,0
16749,0,0,0,0,0,0,0,0,0,0,0,0,0,0
16748,0,0,0,0,0,0,0,0,0,0,0,0,0,0
16747,0,0,0,0,0,0,0,0,0,0,0,0,0,0
16746,0,0,0,0,0,0,0,0,0,0,0,0,0,0
16745,2507.5,0,2507.5,50.15,0,50.15,1320.000001,0,1320.000001,26.4,0,26.4,28.26666667,1413.333334
16744,0,0,0,0,0,0,0,0,0,0,0,0,0,0
16743,0,0,0,0,0,0,0,0,0,0,0,0,0,0
16742,0,0,0,0,0,0,0,0,0,0,0,0,0,0
16741,0,0,0,0,0,0,0,0,0,0,0,0,0,0
16740,8650,0,8650,173,0,173,6269.166668,0,6269.166668,125.3833333,0,125.3833333,48.45000002,2422.500001
16739,32800,0,32800,656,0,656,67415,0,67415,1348.3,0,1348.3,22.45000003,1122.500002
16738,54912.5,0,54912.5,1098.25,0,1098.25,114715,0,114715,2294.3,0,2294.3,141.1166667,7055.833335
16737,40012.5,0,40012.5,800.25,0,800.25,75945.83333,0,75945.83333,1518.916666,0,1518.916666,22.33333332,1116.666666
16736,56462.5,0,56462.5,1129.25,0,1129.25,89245.83333,0,89245.83333,1784.916666,0,1784.916666,192.7666667,9638.333333
16735,51137.5,0,51137.5,1022.75,0,1022.75,99155.00001,0,99155.00001,1983.1,0,1983.1,209.1833334,10459.16667
16734,59112.5,0,59112.5,1182.25,0,1182.25,90686.66666,0,90686.66666,1813.733333,0,1813.733333,101.4333334,5071.666672
16733,126612.5,0,126612.5,2532.25,0,2532.25,152204.1667,0,152204.1667,3044.083333,0,3044.083333,806.9666667,40348.33334
16732,4157.583334,0,4157.583334,83.15166667,0,83.15166667,0,0,0,0,0,0,83.15166667,4157.583334
16731,50,0,50,1,0,1,75,0,75,1.5,0,1.5,0,0
16730,5610.000002,0,5610.000002,112.2,0,112.2,7519.166677,0,7519.166677,150.3833334,0,150.3833334,16.20000003,810.0000015
16729,10100,0,10100,202,0,202,20389.16666,0,20389.16666,407.7833333,0,407.7833333,65.90000001,3295.000001
16728,0,0,0,0,0,0,50,0,50,1,0,1,0,0
16727,0,0,0,0,0,0,0,0,0,0,0,0,0,0
16726,5750,0,5750,115,0,115,5755.833332,0,5755.833332,115.1166666,0,115.1166666,0.03333337,1.6666685
16725,12500,0,12500,250,0,250,8440.833331,0,8440.833331,168.8166666,0,168.8166666,138,6900
16724,250,0,250,5,0,5,0,0,0,0,0,0,5,250
16723,0,0,0,0,0,0,0,0,0,0,0,0,0,0
16722,0,0,0,0,0,0,0,0,0,0,0,0,0,0
16721,0,0,0,0,0,0,175,0,175,3.5,0,3.5,0,0
16720,0,0,0,0,0,0,0,0,0,0,0,0,0,0
16719,0,0,0,0,0,0,0,0,0,0,0,0,0,0
16718,0,0,0,0,0,0,0,0,0,0,0,0,0,0
16717,0,0,0,0,0,0,0,0,0,0,0,0,0,0
16716,0,0,0,0,0,0,0,0,0,0,0,0,0,0
16715,0,0,0,0,0,0,0,0,0,0,0,0,0,0
16714,5200,0,5200,104,0,104,5684.166668,0,5684.166668,113.6833333,0,113.6833333,17.55000002,877.500001
16713,400,0,400,8,0,8,237.5,0,237.5,4.75,0,4.75,3.25,162.5
16712,5550,0,5550,111,0,111,15070.83333,0,15070.83333,301.4166666,0,301.4166666,7.73333335,386.6666675
16711,8250,0,8250,165,0,165,24100,0,24100,482,0,482,8.11666668,405.833334
16710,9637.5,0,9637.5,192.75,0,192.75,28444.16666,0,28444.16666,568.8833332,0,568.8833332,1,50
16709,9637.5,0,9637.5,192.75,0,192.75,23379.16667,0,23379.16667,467.5833333,0,467.5833333,1,50
16708,9637.5,0,9637.5,192.75,0,192.75,28320.83333,0,28320.83333,566.4166666,0,566.4166666,10.01666667,500.8333335
16707,9637.5,0,9637.5,192.75,0,192.75,24097.5,0,24097.5,481.95,0,481.95,6.4,320
16706,8937.5,0,8937.5,178.75,0,178.75,27716.66667,0,27716.66667,554.3333333,0,554.3333333,6.75000001,337.5000005
16705,8937.5,0,8937.5,178.75,0,178.75,24797.5,0,24797.5,495.95,0,495.95,5.81666667,290.8333335
16704,8250,0,8250,165,0,165,28572.5,0,28572.5,571.4499999,0,571.4499999,6.76666666,338.333333
16703,8250,0,8250,165,0,165,23671.66667,0,23671.66667,473.4333333,0,473.4333333,2.4,120
16702,8250,0,8250,165,0,165,30645.83334,0,30645.83334,612.9166666,0,612.9166666,3.95,197.5
16701,7575,0,7575,151.5,0,151.5,22437.5,0,22437.5,448.75,0,448.75,6,300
16700,7575,0,7575,151.5,0,151.5,24947.5,0,24947.5,498.9499999,0,498.9499999,9.68333332,484.166666
16699,7575,0,7575,151.5,0,151.5,24686.66667,0,24686.66667,493.7333333,0,493.7333333,3.66666667,183.3333335
16698,7575,0,7575,151.5,0,151.5,21351.66667,0,21351.66667,427.0333334,0,427.0333334,3.43333333,171.6666665
16697,7575,0,7575,151.5,0,151.5,21644.16667,0,21644.16667,432.8833333,0,432.8833333,3.28333333,164.1666665
16696,7575,0,7575,151.5,0,151.5,19854.16667,0,19854.16667,397.0833333,0,397.0833333,3.91666667,195.8333335
16695,7575,0,7575,151.5,0,151.5,20658.33333,0,20658.33333,413.1666666,0,413.1666666,3.85,192.5
16694,7575,0,7575,151.5,0,151.5,24405.83333,0,24405.83333,488.1166666,0,488.1166666,1.75,87.5
16693,7575,0,7575,151.5,0,151.5,20918.33334,0,20918.33334,418.3666667,0,418.3666667,3.58333333,179.1666665
16692,7575,0,7575,151.5,0,151.5,23517.5,0,23517.5,470.3499999,0,470.3499999,1.5,75
16691,7575,0,7575,151.5,0,151.5,19762.5,0,19762.5,395.25,0,395.25,4.21666666,210.833333
16690,7575,0,7575,151.5,0,151.5,19965.83334,0,19965.83334,399.3166666,0,399.3166666,3.58333333,179.1666665
16689,7575,0,7575,151.5,0,151.5,20782.5,0,20782.5,415.65,0,415.65,3.51666667,175.8333335
16688,7575,0,7575,151.5,0,151.5,23094.16667,0,23094.16667,461.8833333,0,461.8833333,1.5,75
16687,7575,0,7575,151.5,0,151.5,20263.33333,0,20263.33333,405.2666666,0,405.2666666,1.93333334,96.666667
16686,7575,0,7575,151.5,0,151.5,25335,0,25335,506.7,0,506.7,1.75,87.5
16685,7575,0,7575,151.5,0,151.5,24787.5,0,24787.5,495.75,0,495.75,1,50
16684,6812.5,0,6812.5,136.25,0,136.25,19616.66667,0,19616.66667,392.3333333,0,392.3333333,3.5,175
16683,6762.5,0,6762.5,135.25,0,135.25,22107.5,0,22107.5,442.15,0,442.15,4.61666668,230.833334
16682,6262.5,0,6262.5,125.25,0,125.25,16643.33334,0,16643.33334,332.8666667,0,332.8666667,1.5,75
16681,6262.5,0,6262.5,125.25,0,125.25,17880,0,17880,357.6,0,357.6,1.88333333,94.1666665
16680,9600,0,9600,192,0,192,6772.500002,0,6772.500002,135.45,0,135.45,140.7666667,7038.333334
16679,1500,0,1500,30,0,30,1325,0,1325,26.5,0,26.5,3.5,175
16678,50,0,50,1,0,1,58.333333,0,58.333333,1.16666666,0,1.16666666,0,0
16677,25850,0,25850,517,0,517,30156.66667,0,30156.66667,603.1333333,0,603.1333333,110.2,5510.000001
16676,10185,0,10185,203.7,0,203.7,0,0,0,0,0,0,203.7,10185
16675,0,0,0,0,0,0,0,0,0,0,0,0,0,0
16674,19400,0,19400,388,0,388,31420,0,31420,628.3999999,0,628.3999999,70.01666667,3500.833334
16673,19400,0,19400,388,0,388,27180.83334,0,27180.83334,543.6166667,0,543.6166667,65.79999999,3290
16672,19600,0,19600,392,0,392,29280.83334,0,29280.83334,585.6166666,0,585.6166666,37.08333331,1854.166666
16671,400,0,400,8,0,8,170,0,170,3.4,0,3.4,4.6,230
16670,9150.013889,0,9150.013889,183.0002778,0,183.0002778,31801.66666,0,31801.66666,636.0333331,0,636.0333331,2.25000003,112.5000015
16669,1625,0,1625,32.5,0,32.5,1002.5,0,1002.5,20.05,0,20.05,12.45,622.5
16668,0,0,0,0,0,0,58.333334,0,58.333334,1.16666667,0,1.16666667,0,0
16667,0,0,0,0,0,0,0,0,0,0,0,0,0,0
16666,15047.5,0,15047.5,300.95,0,300.95,15047.5,0,15047.5,300.9499999,0,300.9499999,5.38333335,269.1666675
16665,25045,0,25045,500.9,0,500.9,25045,0,25045,500.9,0,500.9,83.06666668,4153.333334
16664,55346.66667,0,55346.66667,1106.933333,0,1106.933333,55321.66666,0,55321.66666,1106.433333,0,1106.433333,198.9500001,9947.500003
16663,25687.5,0,25687.5,513.75,0,513.75,25682.5,0,25682.5,513.65,0,513.65,70.54999999,3527.5
16662,6950,0,6950,139,0,139,6951.666667,0,6951.666667,139.0333333,0,139.0333333,22.96666668,1148.333334
16661,0,0,0,0,0,0,5550,0,5550,111,0,111,0,0
16660,0,0,0,0,0,0,0,0,0,0,0,0,0,0
16659,0,0,0,0,0,0,0,0,0,0,0,0,0,0
16658,0,0,0,0,0,0,0,0,0,0,0,0,0,0
16657,0,0,0,0,0,0,0,0,0,0,0,0,0,0
16656,0,0,0,0,0,0,500,0,500,10,0,10,0,0
16655,0,0,0,0,0,0,0,0,0,0,0,0,0,0
16654,0,0,0,0,0,0,1725,0,1725,34.5,0,34.5,0,0
16653,0,0,0,0,0,0,102.5,0,102.5,2.05,0,2.05,0,0
16652,17825,0,17825,356.5,0,356.5,21476.66667,0,21476.66667,429.5333333,0,429.5333333,116.2666667,5813.333334
16651,134206.5,0,134206.5,2684.13,0,2684.13,2591.666667,0,2591.666667,51.83333333,0,51.83333333,2632.296667,131614.8333
16650,500,0,500,10,0,10,0,0,0,0,0,0,10,500
16649,0.001389,0,0.001389,0.00002778,0,0.00002778,0,0,0,0,0,0,0.00002778,0.001389
16648,800,0,800,16,0,16,0,0,0,0,0,0,16,800
16647,5000,0,5000,100,0,100,0,0,0,0,0,0,100,5000
16646,0.001389,0,0.001389,0.00002778,0,0.00002778,574.166667,0,574.166667,11.48333334,0,11.48333334,0,0
16645,0,0,0,0,0,0,412.5,0,412.5,8.25,0,8.25,0,0
16644,10300,0,10300,206,0,206,35656.66667,0,35656.66667,713.1333333,0,713.1333333,0.98333333,49.1666665
16643,10300,0,10300,206,0,206,31139.16667,0,31139.16667,622.7833333,0,622.7833333,5.23333332,261.666666
16642,10300,0,10300,206,0,206,35343.33334,0,35343.33334,706.8666667,0,706.8666667,0.48333333,24.1666665
16641,10300,0,10300,206,0,206,27360.83333,0,27360.83333,547.2166667,0,547.2166667,1.06666666,53.333333
16640,10300,0,10300,206,0,206,29615,0,29615,592.2999999,0,592.2999999,0.5,25
16639,5825,0,5825,116.5,0,116.5,14196.66667,0,14196.66667,283.9333333,0,283.9333333,3,150
16638,5300,0,5300,106,0,106,13774.16667,0,13774.16667,275.4833333,0,275.4833333,2.28333334,114.166667
16637,5300,0,5300,106,0,106,12537.5,0,12537.5,250.75,0,250.75,9.00000001,450.0000005
16636,5825,0,5825,116.5,0,116.5,13755.83333,0,13755.83333,275.1166666,0,275.1166666,1.75,87.5
16635,5325,0,5325,106.5,0,106.5,10860,0,10860,217.2,0,217.2,7.86666665,393.3333325
16634,4850,0,4850,97,0,97,16370.83334,0,16370.83334,327.4166667,0,327.4166667,1.25,62.5
16633,38667.5,0,38667.5,773.35,0,773.35,38359.16667,0,38359.16667,767.1833332,0,767.1833332,190.05,9502.5
16632,0,0,0,0,0,0,0,0,0,0,0,0,0,0
16631,0,0,0,0,0,0,0,0,0,0,0,0,0,0
16630,0,0,0,0,0,0,0,0,0,0,0,0,0,0
16629,73993.94444,0,73993.94444,1479.878889,0,1479.878889,31789.16667,0,31789.16667,635.7833333,0,635.7833333,844.0955556,42204.77778
16628,113867.1111,0,113867.1111,2277.342222,0,2277.342222,108584.1667,0,108584.1667,2171.683333,0,2171.683333,722.1600002,36108.00001
16627,4450,0,4450,89,0,89,5026.666668,0,5026.666668,100.5333333,0,100.5333333,6.48333332,324.166666
16626,0,0,0,0,0,0,413.333333,0,413.333333,8.26666666,0,8.26666666,0,0
16625,0,0,0,0,0,0,23050,0,23050,461,0,461,0,0
16624,0,0,0,0,0,0,0,0,0,0,0,0,0,0
16623,0,0,0,0,0,0,521.666667,0,521.666667,10.43333334,0,10.43333334,0,0
16622,0,0,0,0,0,0,0,0,0,0,0,0,0,0
16621,0,0,0,0,0,0,0,0,0,0,0,0,0,0
16620,0,0,0,0,0,0,0,0,0,0,0,0,0,0
16619,390.0833335,0,390.0833335,7.80166667,0,7.80166667,190,0,190,3.8,0,3.8,4.00166667,200.0833335
16618,0,0,0,0,0,0,5450,0,5450,109,0,109,0,0
16617,6637.5,0,6637.5,132.75,0,132.75,6577.500009,0,6577.500009,131.55,0,131.55,47.93333332,2396.666666
16616,0,0,0,0,0,0,0,0,0,0,0,0,0,0
16615,0,0,0,0,0,0,0,0,0,0,0,0,0,0
16614,0,0,0,0,0,0,0,0,0,0,0,0,0,0
16613,3150,0,3150,63,0,63,2225.833334,0,2225.833334,44.51666667,0,44.51666667,18.48333333,924.1666665
16612,9460,0,9460,189.2,0,189.2,8545.833332,0,8545.833332,170.9166666,0,170.9166666,30,1500
16611,0,0,0,0,0,0,0,0,0,0,0,0,0,0
16610,0,0,0,0,0,0,0,0,0,0,0,0,0,0
16609,0,0,0,0,0,0,0,0,0,0,0,0,0,0
16608,0,0,0,0,0,0,0,0,0,0,0,0,0,0
16607,0,0,0,0,0,0,0,0,0,0,0,0,0,0
16606,550,0,550,11,0,11,690,0,690,13.8,0,13.8,0,0
16605,13700,0,13700,274,0,274,14664.16667,0,14664.16667,293.2833333,0,293.2833333,79.03333335,3951.666668
16604,4650,0,4650,93,0,93,5703.333335,0,5703.333335,114.0666666,0,114.0666666,29.08333335,1454.166668
16603,3940,0,3940,78.8,0,78.8,4430.833334,0,4430.833334,88.61666667,0,88.61666667,0,0
16602,4200,0,4200,84,0,84,4231.666667,0,4231.666667,84.63333334,0,84.63333334,0,0
16601,0,0,0,0,0,0,0,0,0,0,0,0,0,0
16600,11200,0,11200,224,0,224,5681.666666,0,5681.666666,113.6333333,0,113.6333333,110.3666667,5518.333334
16599,6950,0,6950,139,0,139,7794.166668,0,7794.166668,155.8833333,0,155.8833333,10.8,540
16598,700,0,700,14,0,14,821.666668,0,821.666668,16.43333334,0,16.43333334,1.56666667,78.3333335
16597,10000,0,10000,200,0,200,19545.83333,0,19545.83333,390.9166666,0,390.9166666,0,0
16596,30000,0,30000,600,0,600,88762.5,0,88762.5,1775.25,0,1775.25,0,0
16595,125000,0,125000,2500,0,2500,177931.6667,0,177931.6667,3558.633333,0,3558.633333,0,0
16594,50,0,50,1,0,1,0,0,0,0,0,0,1,50
16593,0.013889,0,0.013889,0.00027778,0,0.00027778,0,0,0,0,0,0,0.00027778,0.013889
16592,0.013889,0,0.013889,0.00027778,0,0.00027778,0,0,0,0,0,0,0.00027778,0.013889
16591,0.013889,0,0.013889,0.00027778,0,0.00027778,0,0,0,0,0,0,0.00027778,0.013889
16590,0.013889,0,0.013889,0.00027778,0,0.00027778,0,0,0,0,0,0,0.00027778,0.013889
16589,4100,0,4100,82,0,82,4709.166672,33.333334,4675.833338,94.18333334,0.66666667,93.51666667,17.76666668,888.333334
16588,3725,0,3725,74.5,0,74.5,5728.333336,0,5728.333336,114.5666666,0,114.5666666,16.56666668,828.333334
16587,0,0,0,0,0,0,0,0,0,0,0,0,0,0
16586,5000,0,5000,100,0,100,5996.666672,0,5996.666672,119.9333333,0,119.9333333,28.89999999,1445
16585,4450,0,4450,89,0,89,5561.666672,0,5561.666672,111.2333333,0,111.2333333,15.50000001,775.0000005
16584,0,0,0,0,0,0,37.5,0,37.5,0.75,0,0.75,0,0
16583,0,0,0,0,0,0,290,0,290,5.8,0,5.8,0,0
16582,5250,0,5250,105,0,105,0,0,0,0,0,0,105,5250
16581,5250,0,5250,105,0,105,410.000001,0,410.000001,8.2,0,8.2,96.8,4840
16580,1600,0,1600,32,0,32,654.166667,0,654.166667,13.08333333,0,13.08333333,18.91666667,945.8333335
16579,15900,0,15900,318,0,318,1110,0,1110,22.19999999,0,22.19999999,314,15700
16578,500,0,500,10,0,10,550,0,550,11,0,11,0,0
16577,40737.5,0,40737.5,814.75,0,814.75,46786.66667,0,46786.66667,935.2333332,0,935.2333332,232.8,11640
16576,850,0,850,17,0,17,624.166668,0,624.166668,12.48333333,0,12.48333333,5.7,285
16575,11600,0,11600,232,0,232,27420.83334,0,27420.83334,548.4166666,0,548.4166666,38.88333333,1944.166667
16574,24050,0,24050,481,0,481,31396.66667,0,31396.66667,627.9333332,0,627.9333332,101.6000001,5080.000003
16573,715,0,715,14.3,0,14.3,955.833333,0,955.833333,19.11666665,0,19.11666665,0,0
16572,24050,0,24050,481,0,481,37165.83334,0,37165.83334,743.3166666,0,743.3166666,57.36666673,2868.333337
16571,3550,0,3550,71,0,71,2250,0,2250,44.99999999,0,44.99999999,26.00000001,1300.000001
16570,0,0,0,0,0,0,0,0,0,0,0,0,0,0
16569,1035,0,1035,20.7,0,20.7,948.333336,0,948.333336,18.96666667,0,18.96666667,7.94999999,397.4999995
16568,2250,0,2250,45,0,45,2797.5,0,2797.5,55.94999997,0,55.94999997,6.1,305
16567,0,0,0,0,0,0,0,0,0,0,0,0,0,0
16566,1400,0,1400,28,0,28,1385.000001,0,1385.000001,27.70000001,0,27.70000001,2,100
16565,0,0,0,0,0,0,1512.5,0,1512.5,30.25,0,30.25,0,0
16564,0,0,0,0,0,0,5000,0,5000,100,0,100,0,0
16563,0.013889,0,0.013889,0.00027778,0,0.00027778,0,0,0,0,0,0,0.00027778,0.013889
16562,650,0,650,13,0,13,884.166667,0,884.166667,17.68333333,0,17.68333333,0,0
16561,2033.333334,0,2033.333334,40.66666667,0,40.66666667,910.833335,0,910.833335,18.21666668,0,18.21666668,22.44999999,1122.5
16560,0,0,0,0,0,0,11568.33333,0,11568.33333,231.3666666,0,231.3666666,0,0
16559,0,0,0,0,0,0,68864.16667,0,68864.16667,1377.283333,0,1377.283333,0,0
16558,0,0,0,0,0,0,2825,0,2825,56.5,0,56.5,0,0
16557,300,0,300,6,0,6,308.333334,0,308.333334,6.16666666,0,6.16666666,1.83333334,91.666667
16556,5550,0,5550,111,0,111,5416.666664,0,5416.666664,108.3333333,0,108.3333333,21.70000004,1085.000002
16555,0,0,0,0,0,0,0,0,0,0,0,0,0,0
16554,0,0,0,0,0,0,0,0,0,0,0,0,0,0
16553,0.013889,0,0.013889,0.00027778,0,0.00027778,0,0,0,0,0,0,0.00027778,0.013889
16552,22000,0,22000,440,0,440,39250,0,39250,785,0,785,0,0
